id,name,category,primary_muscles,secondary_muscles,difficulty,equipment,exercise_type,sets,seconds_per_set,repetitions_per_set,rest,video,thumbnail,pro_only,uses_weights,thumbnail_url,video_url,s3_video_url,s3_thumbnail_url
372,Arnold press - DBs,strength,Front Shoulders,"Upper Back, Triceps, Shoulders",Intermediate,Dumbbells,repetition_based,3,,"12,10,8","30,30,30,30,30",2023_db012.mp4,1cf4c0d20e0216616aad54e9b5b12619ace8.png,TRUE,TRUE,https://static.virtuagym.com/v29522/thumb/activity/thumbnail/1cf4c0d20e0216616aad54e9b5b12619ace8.png,https://static.virtuagym.com/videos/2023_db012.mp4,https://uploads.letsmove.com.s3.amazonaws.com/exercises/videos/2023_db012.mp4,https://uploads.letsmove.com.s3.amazonaws.com/exercises/thumbnails/1cf4c0d20e0216616aad54e9b5b12619ace8.png
283,"Marching in place, duration",cardio,Cardiovascular System,Full Body,Novice,-,time_based,0,,,"30,30,30,30,30",2023_cw002.mp4,9cc39395b7bfff93578622ef9b97275ca1d2.png,FALSE,FALSE,https://static.virtuagym.com/v29522/thumb/activity/thumbnail/9cc39395b7bfff93578622ef9b97275ca1d2.png,https://static.virtuagym.com/videos/2023_cw002.mp4,https://uploads.letsmove.com.s3.amazonaws.com/exercises/videos/2023_cw002.mp4,https://uploads.letsmove.com.s3.amazonaws.com/exercises/thumbnails/9cc39395b7bfff93578622ef9b97275ca1d2.png
49,Crunch - FB,strength,Abs - Straight Abs,,Intermediate,Exercise ball,repetition_based,3,,"10,10,10","30,30,30,30,30",2023_eb016.mp4,45a4438efb6082ab771e2df1c9f9a296d48a.png,TRUE,FALSE,https://static.virtuagym.com/v29522/thumb/activity/thumbnail/45a4438efb6082ab771e2df1c9f9a296d48a.png,https://static.virtuagym.com/videos/2023_eb016.mp4,https://uploads.letsmove.com.s3.amazonaws.com/exercises/videos/2023_eb016.mp4,https://uploads.letsmove.com.s3.amazonaws.com/exercises/thumbnails/45a4438efb6082ab771e2df1c9f9a296d48a.png
177,Crunch,strength,Abs - Straight Abs,,Novice,-,repetition_based,3,,"12,10,8","30,30,30,30,30",2023_xa003.mp4,871ddcce3027a5ca908920b266dd7b794b1d.png,FALSE,FALSE,https://static.virtuagym.com/v29522/thumb/activity/thumbnail/871ddcce3027a5ca908920b266dd7b794b1d.png,https://static.virtuagym.com/videos/2023_xa003.mp4,https://uploads.letsmove.com.s3.amazonaws.com/exercises/videos/2023_xa003.mp4,https://uploads.letsmove.com.s3.amazonaws.com/exercises/thumbnails/871ddcce3027a5ca908920b266dd7b794b1d.png
199,"One arm side row, left - DB",strength,Upper Back,"Biceps, Lats, Back Shoulders",Intermediate,Dumbbells,repetition_based,3,,"12,10,8","30,30,30,30,30",2023_db006.mp4,6535491f6a1e1731320b2341a9964b8c3c52.png,TRUE,TRUE,https://static.virtuagym.com/v29522/thumb/activity/thumbnail/6535491f6a1e1731320b2341a9964b8c3c52.png,https://static.virtuagym.com/videos/2023_db006.mp4,https://uploads.letsmove.com.s3.amazonaws.com/exercises/videos/2023_db006.mp4,https://uploads.letsmove.com.s3.amazonaws.com/exercises/thumbnails/6535491f6a1e1731320b2341a9964b8c3c52.png
162,Air squat,strength,Quads,"Glutes, Hamstrings, Lower Back",Novice,-,repetition_based,3,,"10,10,10","30,30,30,30,30",2023_xl001.mp4,be5ccfca084c6e20a78e065e213100452944.png,FALSE,FALSE,https://static.virtuagym.com/v29522/thumb/activity/thumbnail/be5ccfca084c6e20a78e065e213100452944.png,https://static.virtuagym.com/videos/2023_xl001.mp4,https://uploads.letsmove.com.s3.amazonaws.com/exercises/videos/2023_xl001.mp4,https://uploads.letsmove.com.s3.amazonaws.com/exercises/thumbnails/be5ccfca084c6e20a78e065e213100452944.png
463,Air squat sumo,strength,Quads,"Glutes, Hamstrings, Lower Back, Abductor",Beginner,-,repetition_based,3,,"12,12,12","30,30,30,30,30",2023_xl015.mp4,ced0eab98bb57da58453e931685078cd201f.png,TRUE,FALSE,https://static.virtuagym.com/v29522/thumb/activity/thumbnail/ced0eab98bb57da58453e931685078cd201f.png,https://static.virtuagym.com/videos/2023_xl015.mp4,https://uploads.letsmove.com.s3.amazonaws.com/exercises/videos/2023_xl015.mp4,https://uploads.letsmove.com.s3.amazonaws.com/exercises/thumbnails/ced0eab98bb57da58453e931685078cd201f.png
181,Windmill,strength,Obliques,,Novice,-,repetition_based,3,,"12,10,8","30,30,30,30,30",2023_xf002.mp4,6382974eb8724c8f318e5f7b2785e5340b4b.png,FALSE,FALSE,https://static.virtuagym.com/v29522/thumb/activity/thumbnail/6382974eb8724c8f318e5f7b2785e5340b4b.png,https://static.virtuagym.com/videos/2023_xf002.mp4,https://uploads.letsmove.com.s3.amazonaws.com/exercises/videos/2023_xf002.mp4,https://uploads.letsmove.com.s3.amazonaws.com/exercises/thumbnails/6382974eb8724c8f318e5f7b2785e5340b4b.png
275,Sicilian crunch - Plate,strength,All Abs,,Novice,Weight plate,repetition_based,3,,"12,10,8","30,30,30,30,30",2023_da001.mp4,44c81e70b18ea2f9888e83cfe17440b6138a.png,TRUE,TRUE,https://static.virtuagym.com/v29522/thumb/activity/thumbnail/44c81e70b18ea2f9888e83cfe17440b6138a.png,https://static.virtuagym.com/videos/2023_da001.mp4,https://uploads.letsmove.com.s3.amazonaws.com/exercises/videos/2023_da001.mp4,https://uploads.letsmove.com.s3.amazonaws.com/exercises/thumbnails/44c81e70b18ea2f9888e83cfe17440b6138a.png
169,Push-up wall,strength,Chest,Triceps,Novice,Wall,repetition_based,3,,"12,10,8","30,30,30,30,30",2023_xc006.mp4,8cb5878c9f9c867d2920684b145420c75d45.png,FALSE,FALSE,https://static.virtuagym.com/v29522/thumb/activity/thumbnail/8cb5878c9f9c867d2920684b145420c75d45.png,https://static.virtuagym.com/videos/2023_xc006.mp4,https://uploads.letsmove.com.s3.amazonaws.com/exercises/videos/2023_xc006.mp4,https://uploads.letsmove.com.s3.amazonaws.com/exercises/thumbnails/8cb5878c9f9c867d2920684b145420c75d45.png
1990,"Leg cross lying, alternated",strength,Abs - Straight Abs,,Novice,-,repetition_based,3,,"12,10,8","30,30,30,30,30",2023_xa021.mp4,fbbaba8b1dc7786276ab704ca9537d6c2d84.png,TRUE,FALSE,https://static.virtuagym.com/v29522/thumb/activity/thumbnail/fbbaba8b1dc7786276ab704ca9537d6c2d84.png,https://static.virtuagym.com/videos/2023_xa021.mp4,https://uploads.letsmove.com.s3.amazonaws.com/exercises/videos/2023_xa021.mp4,https://uploads.letsmove.com.s3.amazonaws.com/exercises/thumbnails/fbbaba8b1dc7786276ab704ca9537d6c2d84.png
281,"Jumping jacks, duration",cardio,Cardiovascular System,Full Body,Novice,-,time_based,0,,,"30,30,30,30,30",2023_cw003.mp4,f7f6d1f736faa42110dd60307430e5891a6c.png,FALSE,FALSE,https://static.virtuagym.com/v29522/thumb/activity/thumbnail/f7f6d1f736faa42110dd60307430e5891a6c.png,https://static.virtuagym.com/videos/2023_cw003.mp4,https://uploads.letsmove.com.s3.amazonaws.com/exercises/videos/2023_cw003.mp4,https://uploads.letsmove.com.s3.amazonaws.com/exercises/thumbnails/f7f6d1f736faa42110dd60307430e5891a6c.png
209,"Concentration curl, right - DB",strength,Biceps,,Novice,Dumbbells,repetition_based,3,,"12,10,8","30,30,30,30,30",2023_di002m.mp4,ddcf269cd1bbcce58497d5e3a34d983ad313.png,TRUE,TRUE,https://static.virtuagym.com/v29522/thumb/activity/thumbnail/ddcf269cd1bbcce58497d5e3a34d983ad313.png,https://static.virtuagym.com/videos/2023_di002m.mp4,https://uploads.letsmove.com.s3.amazonaws.com/exercises/videos/2023_di002m.mp4,https://uploads.letsmove.com.s3.amazonaws.com/exercises/thumbnails/ddcf269cd1bbcce58497d5e3a34d983ad313.png
397,"Cooling down, duration",cardio,Full Body,,Novice,-,time_based,0,,,"30,30,30,30,30",2023_cw002.mp4,30764c7e8ff2c17eee2f522992217200b677.png,FALSE,FALSE,https://static.virtuagym.com/v29522/thumb/activity/thumbnail/30764c7e8ff2c17eee2f522992217200b677.png,https://static.virtuagym.com/videos/2023_cw002.mp4,https://uploads.letsmove.com.s3.amazonaws.com/exercises/videos/2023_cw002.mp4,https://uploads.letsmove.com.s3.amazonaws.com/exercises/thumbnails/30764c7e8ff2c17eee2f522992217200b677.png
208,"Concentration curl, left - DB",strength,Biceps,,Novice,Dumbbells,repetition_based,3,,"12,10,8","30,30,30,30,30",2023_di002.mp4,976304ea4f9061f01d777e244da4b3b4eed8.png,TRUE,TRUE,https://static.virtuagym.com/v29522/thumb/activity/thumbnail/976304ea4f9061f01d777e244da4b3b4eed8.png,https://static.virtuagym.com/videos/2023_di002.mp4,https://uploads.letsmove.com.s3.amazonaws.com/exercises/videos/2023_di002.mp4,https://uploads.letsmove.com.s3.amazonaws.com/exercises/thumbnails/976304ea4f9061f01d777e244da4b3b4eed8.png
174,Front rotation,strength,Middle Shoulders,"Back Shoulders, Front Shoulders",Novice,-,repetition_based,3,,"12,10,8","30,30,30,30,30",2023_xs003.mp4,5a9682d712c0ba534e58a857d502f298e695.png,FALSE,FALSE,https://static.virtuagym.com/v29522/thumb/activity/thumbnail/5a9682d712c0ba534e58a857d502f298e695.png,https://static.virtuagym.com/videos/2023_xs003.mp4,https://uploads.letsmove.com.s3.amazonaws.com/exercises/videos/2023_xs003.mp4,https://uploads.letsmove.com.s3.amazonaws.com/exercises/thumbnails/5a9682d712c0ba534e58a857d502f298e695.png
398,"Side bend, left - DB",strength,Obliques,,Novice,Dumbbells,repetition_based,3,,"12,10,8","30,30,30,30,30",2023_da002m.mp4,2bff4941f2c54d2c156e8210d388404ecb49.png,TRUE,TRUE,https://static.virtuagym.com/v29522/thumb/activity/thumbnail/2bff4941f2c54d2c156e8210d388404ecb49.png,https://static.virtuagym.com/videos/2023_da002m.mp4,https://uploads.letsmove.com.s3.amazonaws.com/exercises/videos/2023_da002m.mp4,https://uploads.letsmove.com.s3.amazonaws.com/exercises/thumbnails/2bff4941f2c54d2c156e8210d388404ecb49.png
172,"Superman, alternated",strength,Lower Back,,Novice,-,repetition_based,3,,"12,10,8","30,30,30,30,30",2023_xb003.mp4,9cd19773bd0809509560c1c53c63d349e1f1.png,FALSE,FALSE,https://static.virtuagym.com/v29522/thumb/activity/thumbnail/9cd19773bd0809509560c1c53c63d349e1f1.png,https://static.virtuagym.com/videos/2023_xb003.mp4,https://uploads.letsmove.com.s3.amazonaws.com/exercises/videos/2023_xb003.mp4,https://uploads.letsmove.com.s3.amazonaws.com/exercises/thumbnails/9cd19773bd0809509560c1c53c63d349e1f1.png
200,"One arm side row, right - DB",strength,Upper Back,"Biceps, Lats, Back Shoulders",Intermediate,Dumbbells,repetition_based,3,,"12,10,8","30,30,30,30,30",2023_db006m.mp4,f9a88de5f49cce4888ffd6e10226b0fd23a6.png,TRUE,TRUE,https://static.virtuagym.com/v29522/thumb/activity/thumbnail/f9a88de5f49cce4888ffd6e10226b0fd23a6.png,https://static.virtuagym.com/videos/2023_db006m.mp4,https://uploads.letsmove.com.s3.amazonaws.com/exercises/videos/2023_db006m.mp4,https://uploads.letsmove.com.s3.amazonaws.com/exercises/thumbnails/f9a88de5f49cce4888ffd6e10226b0fd23a6.png
180,Sun Salutation,strength,Full Body,,Intermediate,-,repetition_based,1,,3,"30,30,30,30,30",2023_xf001.mp4,43e73979328b8a72e737715ca128dd3b5ec0.png,FALSE,FALSE,https://static.virtuagym.com/v29522/thumb/activity/thumbnail/43e73979328b8a72e737715ca128dd3b5ec0.png,https://static.virtuagym.com/videos/2023_xf001.mp4,https://uploads.letsmove.com.s3.amazonaws.com/exercises/videos/2023_xf001.mp4,https://uploads.letsmove.com.s3.amazonaws.com/exercises/thumbnails/43e73979328b8a72e737715ca128dd3b5ec0.png
399,"Side bend, right - DB",strength,Obliques,All Abs,Novice,Dumbbells,repetition_based,3,,"12,10,8","30,30,30,30,30",2023_da002.mp4,3df22f750cb692e303f565e3a242a29da17f.png,TRUE,TRUE,https://static.virtuagym.com/v29522/thumb/activity/thumbnail/3df22f750cb692e303f565e3a242a29da17f.png,https://static.virtuagym.com/videos/2023_da002.mp4,https://uploads.letsmove.com.s3.amazonaws.com/exercises/videos/2023_da002.mp4,https://uploads.letsmove.com.s3.amazonaws.com/exercises/thumbnails/3df22f750cb692e303f565e3a242a29da17f.png
178,Human board high,cardio,Abs - Straight Abs,,Novice,-,time_based,0,,,"30,30,30,30,30",2023_xa004.mp4,ab6dcabadc9e463f3847b886e8db20e7c616.png,FALSE,FALSE,https://static.virtuagym.com/v29522/thumb/activity/thumbnail/ab6dcabadc9e463f3847b886e8db20e7c616.png,https://static.virtuagym.com/videos/2023_xa004.mp4,https://uploads.letsmove.com.s3.amazonaws.com/exercises/videos/2023_xa004.mp4,https://uploads.letsmove.com.s3.amazonaws.com/exercises/thumbnails/ab6dcabadc9e463f3847b886e8db20e7c616.png
356,Stiff legged deadlift - Barbell,strength,"Lower Back, Hamstrings, Glutes",,Beginner,Barbell,repetition_based,3,,"12,10,8","30,30,30,30,30",2023_oa015.mp4,278c12d359d15bebd30e027813fa5b24cb23.png,TRUE,TRUE,https://static.virtuagym.com/v29522/thumb/activity/thumbnail/278c12d359d15bebd30e027813fa5b24cb23.png,https://static.virtuagym.com/videos/2023_oa015.mp4,https://uploads.letsmove.com.s3.amazonaws.com/exercises/videos/2023_oa015.mp4,https://uploads.letsmove.com.s3.amazonaws.com/exercises/thumbnails/278c12d359d15bebd30e027813fa5b24cb23.png
182,"Biceps curl standing, alternated - DBs",strength,Biceps,,Novice,Dumbbells,repetition_based,3,,"12,10,8","30,30,30,30,30",2023_dl001.mp4,0d24d316e017442f89f3a60c18eb189b39c7.png,FALSE,TRUE,https://static.virtuagym.com/v29522/thumb/activity/thumbnail/0d24d316e017442f89f3a60c18eb189b39c7.png,https://static.virtuagym.com/videos/2023_dl001.mp4,https://uploads.letsmove.com.s3.amazonaws.com/exercises/videos/2023_dl001.mp4,https://uploads.letsmove.com.s3.amazonaws.com/exercises/thumbnails/0d24d316e017442f89f3a60c18eb189b39c7.png
411,Side raise seated - DBs,strength,Shoulders,,Novice,"Dumbbells, Bench",repetition_based,3,,"12,10,8","30,30,30,30,30",2023_ds004.mp4,529d2078bf29c8d529894017e60e19c5aeb1.png,TRUE,TRUE,https://static.virtuagym.com/v29522/thumb/activity/thumbnail/529d2078bf29c8d529894017e60e19c5aeb1.png,https://static.virtuagym.com/videos/2023_ds004.mp4,https://uploads.letsmove.com.s3.amazonaws.com/exercises/videos/2023_ds004.mp4,https://uploads.letsmove.com.s3.amazonaws.com/exercises/thumbnails/529d2078bf29c8d529894017e60e19c5aeb1.png
176,Lying leg raise,strength,Abs - Straight Abs,,Novice,-,repetition_based,3,,"12,10,8","30,30,30,30,30",2023_xa002.mp4,eacbd8578e75cfa868a805c383e434e656cf.png,FALSE,FALSE,https://static.virtuagym.com/v29522/thumb/activity/thumbnail/eacbd8578e75cfa868a805c383e434e656cf.png,https://static.virtuagym.com/videos/2023_xa002.mp4,https://uploads.letsmove.com.s3.amazonaws.com/exercises/videos/2023_xa002.mp4,https://uploads.letsmove.com.s3.amazonaws.com/exercises/thumbnails/eacbd8578e75cfa868a805c383e434e656cf.png
424,Goblet squat - DB,strength,"Quads, Glutes",Legs,Intermediate,Dumbbells,repetition_based,3,,"12,10,8","30,30,30,30,30",2023_rob078.mp4,bcc479948d7909decf96ff403cf8f2af60af.png,TRUE,TRUE,https://static.virtuagym.com/v29522/thumb/activity/thumbnail/bcc479948d7909decf96ff403cf8f2af60af.png,https://static.virtuagym.com/videos/2023_rob078.mp4,https://uploads.letsmove.com.s3.amazonaws.com/exercises/videos/2023_rob078.mp4,https://uploads.letsmove.com.s3.amazonaws.com/exercises/thumbnails/bcc479948d7909decf96ff403cf8f2af60af.png
260,Back raise hands on ground,strength,Lower Back,,Novice,-,repetition_based,3,,"12,10,8","30,30,30,30,30",2023_id1479.mp4,f0ceaee995c3b986f8bad94e340bca92a4e9.png,FALSE,FALSE,https://static.virtuagym.com/v29522/thumb/activity/thumbnail/f0ceaee995c3b986f8bad94e340bca92a4e9.png,https://static.virtuagym.com/videos/2023_id1479.mp4,https://uploads.letsmove.com.s3.amazonaws.com/exercises/videos/2023_id1479.mp4,https://uploads.letsmove.com.s3.amazonaws.com/exercises/thumbnails/f0ceaee995c3b986f8bad94e340bca92a4e9.png
408,Biceps curl two sides - DBs,strength,Biceps,,Intermediate,Dumbbells,repetition_based,3,,"12,10,8","30,30,30,30,30",2023_oa032.mp4,a232d6fdade0e4e6d9b8ae96cf4a692f436c.png,TRUE,TRUE,https://static.virtuagym.com/v29522/thumb/activity/thumbnail/a232d6fdade0e4e6d9b8ae96cf4a692f436c.png,https://static.virtuagym.com/videos/2023_oa032.mp4,https://uploads.letsmove.com.s3.amazonaws.com/exercises/videos/2023_oa032.mp4,https://uploads.letsmove.com.s3.amazonaws.com/exercises/thumbnails/a232d6fdade0e4e6d9b8ae96cf4a692f436c.png
163,"Lunge, alternated",strength,Quads,"Glutes, Hamstrings",Novice,-,repetition_based,3,,"12,10,8","30,30,30,30,30",2023_rob025a.mp4,67903697d81c34a8718a2f4b36c9916e7ba4.png,FALSE,FALSE,https://static.virtuagym.com/v29522/thumb/activity/thumbnail/67903697d81c34a8718a2f4b36c9916e7ba4.png,https://static.virtuagym.com/videos/2023_rob025a.mp4,https://uploads.letsmove.com.s3.amazonaws.com/exercises/videos/2023_rob025a.mp4,https://uploads.letsmove.com.s3.amazonaws.com/exercises/thumbnails/67903697d81c34a8718a2f4b36c9916e7ba4.png
1997,Russian twist - DB,strength,Obliques,All Abs,Novice,Dumbbells,repetition_based,3,,"12,10,8","30,30,30,30,30",2023_da004.mp4,ae1102e4a1b7bc7140c9e6350ee55aba4eec.png,TRUE,TRUE,https://static.virtuagym.com/v29522/thumb/activity/thumbnail/ae1102e4a1b7bc7140c9e6350ee55aba4eec.png,https://static.virtuagym.com/videos/2023_da004.mp4,https://uploads.letsmove.com.s3.amazonaws.com/exercises/videos/2023_da004.mp4,https://uploads.letsmove.com.s3.amazonaws.com/exercises/thumbnails/ae1102e4a1b7bc7140c9e6350ee55aba4eec.png
168,Push-up knees,strength,Chest,Triceps,Novice,-,repetition_based,3,,"12,10,8","30,30,30,30,30",2023_xc004.mp4,b49ea762df36aad3cf3dc2848ddcf3b313a1.png,FALSE,FALSE,https://static.virtuagym.com/v29522/thumb/activity/thumbnail/b49ea762df36aad3cf3dc2848ddcf3b313a1.png,https://static.virtuagym.com/videos/2023_xc004.mp4,https://uploads.letsmove.com.s3.amazonaws.com/exercises/videos/2023_xc004.mp4,https://uploads.letsmove.com.s3.amazonaws.com/exercises/thumbnails/b49ea762df36aad3cf3dc2848ddcf3b313a1.png
518,Rest,strength,,,Novice,-,time_based,0,,,"30,30,30,30,30",2023_sid0169.mp4,0caa95cef46920a85071b33db91879b58172.png,TRUE,FALSE,https://static.virtuagym.com/v29522/thumb/activity/thumbnail/0caa95cef46920a85071b33db91879b58172.png,https://static.virtuagym.com/videos/2023_sid0169.mp4,https://uploads.letsmove.com.s3.amazonaws.com/exercises/videos/2023_sid0169.mp4,https://uploads.letsmove.com.s3.amazonaws.com/exercises/thumbnails/0caa95cef46920a85071b33db91879b58172.png
164,"Split squat, right",strength,Quads,"Glutes, Hamstrings, Lower Back",Novice,-,repetition_based,3,,"12,10,8","30,30,30,30,30",2023_xl004m.mp4,750f26ec4dc2452dd749ee35670792347b70.png,FALSE,FALSE,https://static.virtuagym.com/v29522/thumb/activity/thumbnail/750f26ec4dc2452dd749ee35670792347b70.png,https://static.virtuagym.com/videos/2023_xl004m.mp4,https://uploads.letsmove.com.s3.amazonaws.com/exercises/videos/2023_xl004m.mp4,https://uploads.letsmove.com.s3.amazonaws.com/exercises/thumbnails/750f26ec4dc2452dd749ee35670792347b70.png
4069,Ab rollout - FB,strength,Abs - Straight Abs,,Intermediate,Exercise ball,repetition_based,3,,"12,10,8","30,30,30,30,30",2023_eb003.mp4,cecf9db72341fd4332284695236c3d9a9b56.png,TRUE,FALSE,https://static.virtuagym.com/v29522/thumb/activity/thumbnail/cecf9db72341fd4332284695236c3d9a9b56.png,https://static.virtuagym.com/videos/2023_eb003.mp4,https://uploads.letsmove.com.s3.amazonaws.com/exercises/videos/2023_eb003.mp4,https://uploads.letsmove.com.s3.amazonaws.com/exercises/thumbnails/cecf9db72341fd4332284695236c3d9a9b56.png
165,"Split squat, left",strength,Quads,"Glutes, Hamstrings, Lower Back",Novice,-,repetition_based,3,,"12,10,8","30,30,30,30,30",2023_xl004.mp4,6fc90524cd7efdb057ec19bad40881e8d964.png,FALSE,FALSE,https://static.virtuagym.com/v29522/thumb/activity/thumbnail/6fc90524cd7efdb057ec19bad40881e8d964.png,https://static.virtuagym.com/videos/2023_xl004.mp4,https://uploads.letsmove.com.s3.amazonaws.com/exercises/videos/2023_xl004.mp4,https://uploads.letsmove.com.s3.amazonaws.com/exercises/thumbnails/6fc90524cd7efdb057ec19bad40881e8d964.png
402,Straight arm pullover - Plate,strength,Chest,Lats,Intermediate,Weight plate,repetition_based,3,,"12,10,8","30,30,30,30,30",2023_oa068.mp4,699cc4fd99191ad8f0bb31c0c147c46785ea.png,TRUE,TRUE,https://static.virtuagym.com/v29522/thumb/activity/thumbnail/699cc4fd99191ad8f0bb31c0c147c46785ea.png,https://static.virtuagym.com/videos/2023_oa068.mp4,https://uploads.letsmove.com.s3.amazonaws.com/exercises/videos/2023_oa068.mp4,https://uploads.letsmove.com.s3.amazonaws.com/exercises/thumbnails/699cc4fd99191ad8f0bb31c0c147c46785ea.png
184,Lat pulldown wide grip front,strength,Lats,"Biceps, Back",Novice,Strength Machines - Weight stack,repetition_based,3,,"12,10,8","30,30,30,30,30",2023_gb002.mp4,21c80cf5978db6abd5ce9dbdd5859fcff130.png,FALSE,TRUE,https://static.virtuagym.com/v29522/thumb/activity/thumbnail/21c80cf5978db6abd5ce9dbdd5859fcff130.png,https://static.virtuagym.com/videos/2023_gb002.mp4,https://uploads.letsmove.com.s3.amazonaws.com/exercises/videos/2023_gb002.mp4,https://uploads.letsmove.com.s3.amazonaws.com/exercises/thumbnails/21c80cf5978db6abd5ce9dbdd5859fcff130.png
403,"Bench press, neutral grip - DBs",strength,Chest,"Front Shoulders, Triceps",Intermediate,Dumbbells,repetition_based,3,,"12,12,12","30,30,30,30,30",2023_oa099.mp4,9f813b77a76dfaa9abbccd8f9bfb3e035f94.png,TRUE,TRUE,https://static.virtuagym.com/v29522/thumb/activity/thumbnail/9f813b77a76dfaa9abbccd8f9bfb3e035f94.png,https://static.virtuagym.com/videos/2023_oa099.mp4,https://uploads.letsmove.com.s3.amazonaws.com/exercises/videos/2023_oa099.mp4,https://uploads.letsmove.com.s3.amazonaws.com/exercises/thumbnails/9f813b77a76dfaa9abbccd8f9bfb3e035f94.png
173,Board to Mountain,strength,Abs - Straight Abs,,Novice,-,repetition_based,3,,"12,10,8","30,30,30,30,30",2023_xs001.mp4,7078bd3e9722c78151273a97cb6a825d7c6e.png,FALSE,FALSE,https://static.virtuagym.com/v29522/thumb/activity/thumbnail/7078bd3e9722c78151273a97cb6a825d7c6e.png,https://static.virtuagym.com/videos/2023_xs001.mp4,https://uploads.letsmove.com.s3.amazonaws.com/exercises/videos/2023_xs001.mp4,https://uploads.letsmove.com.s3.amazonaws.com/exercises/thumbnails/7078bd3e9722c78151273a97cb6a825d7c6e.png
263,Back raise hands and legs lifted,strength,"Lower Back, Upper Back",,Advanced,-,repetition_based,3,,"12,10,8","30,30,30,30,30",2023_xb008.mp4,8f268c7ed37bbd3df24ffac0200e520577d9.png,TRUE,FALSE,https://static.virtuagym.com/v29522/thumb/activity/thumbnail/8f268c7ed37bbd3df24ffac0200e520577d9.png,https://static.virtuagym.com/videos/2023_xb008.mp4,https://uploads.letsmove.com.s3.amazonaws.com/exercises/videos/2023_xb008.mp4,https://uploads.letsmove.com.s3.amazonaws.com/exercises/thumbnails/8f268c7ed37bbd3df24ffac0200e520577d9.png
282,Shoulder press - DBs,strength,Shoulders,,Beginner,Dumbbells,repetition_based,3,,"12,10,8","30,30,30,30,30",2023_ds003.mp4,b0e581a4640d5444ed4e4d2dcd2455f1cdcb.png,FALSE,TRUE,https://static.virtuagym.com/v29522/thumb/activity/thumbnail/b0e581a4640d5444ed4e4d2dcd2455f1cdcb.png,https://static.virtuagym.com/videos/2023_ds003.mp4,https://uploads.letsmove.com.s3.amazonaws.com/exercises/videos/2023_ds003.mp4,https://uploads.letsmove.com.s3.amazonaws.com/exercises/thumbnails/b0e581a4640d5444ed4e4d2dcd2455f1cdcb.png
3904,Burpee,strength,"Abs - Straight Abs, Quads","Glutes, Hamstrings, Lower Back",Novice,-,repetition_based,3,,"20,20,20","30,30,30,30,30",2023_uz001.mp4,f3e1c85d04bafc47cae4c28b0a38c48a03a1.png,TRUE,FALSE,https://static.virtuagym.com/v29522/thumb/activity/thumbnail/f3e1c85d04bafc47cae4c28b0a38c48a03a1.png,https://static.virtuagym.com/videos/2023_uz001.mp4,https://uploads.letsmove.com.s3.amazonaws.com/exercises/videos/2023_uz001.mp4,https://uploads.letsmove.com.s3.amazonaws.com/exercises/thumbnails/f3e1c85d04bafc47cae4c28b0a38c48a03a1.png
166,Push-up - Table,strength,Chest,Triceps,Novice,-,repetition_based,3,,"12,10,8","30,30,30,30,30",2023_xc001.mp4,85f7a79034a252f89996385a5f8db3db9ed2.png,FALSE,FALSE,https://static.virtuagym.com/v29522/thumb/activity/thumbnail/85f7a79034a252f89996385a5f8db3db9ed2.png,https://static.virtuagym.com/videos/2023_xc001.mp4,https://uploads.letsmove.com.s3.amazonaws.com/exercises/videos/2023_xc001.mp4,https://uploads.letsmove.com.s3.amazonaws.com/exercises/thumbnails/85f7a79034a252f89996385a5f8db3db9ed2.png
5890,Triceps extension lying - Barbell,strength,Triceps,,Novice,Barbell,repetition_based,3,,"12,10,8","30,30,30,30,30",2023_herman016.mp4,cc5b643b183fcbf1bb8dc27b2580453ef4f0.png,TRUE,TRUE,https://static.virtuagym.com/v29522/thumb/activity/thumbnail/cc5b643b183fcbf1bb8dc27b2580453ef4f0.png,https://static.virtuagym.com/videos/2023_herman016.mp4,https://uploads.letsmove.com.s3.amazonaws.com/exercises/videos/2023_herman016.mp4,https://uploads.letsmove.com.s3.amazonaws.com/exercises/thumbnails/cc5b643b183fcbf1bb8dc27b2580453ef4f0.png
167,Push-up wide,strength,Chest,Triceps,Beginner,-,repetition_based,3,,"12,10,8","30,30,30,30,30",2023_xc002.mp4,a4458f12c6462eb2f0c43785a9b4270222ba.png,FALSE,FALSE,https://static.virtuagym.com/v29522/thumb/activity/thumbnail/a4458f12c6462eb2f0c43785a9b4270222ba.png,https://static.virtuagym.com/videos/2023_xc002.mp4,https://uploads.letsmove.com.s3.amazonaws.com/exercises/videos/2023_xc002.mp4,https://uploads.letsmove.com.s3.amazonaws.com/exercises/thumbnails/a4458f12c6462eb2f0c43785a9b4270222ba.png
3910,Burpee squat,strength,"Chest, Abs - Straight Abs","Triceps, Front Shoulders",Intermediate,-,repetition_based,3,,"8,8,8","30,30,30,30,30",2023_id0061.mp4,764e0265e5b25863e81c43b9994aa3960ecf.png,TRUE,FALSE,https://static.virtuagym.com/v29522/thumb/activity/thumbnail/764e0265e5b25863e81c43b9994aa3960ecf.png,https://static.virtuagym.com/videos/2023_id0061.mp4,https://uploads.letsmove.com.s3.amazonaws.com/exercises/videos/2023_id0061.mp4,https://uploads.letsmove.com.s3.amazonaws.com/exercises/thumbnails/764e0265e5b25863e81c43b9994aa3960ecf.png
183,Horizontal row machine,strength,Upper Back,"Biceps, Back Shoulders, Lats",Novice,Strength Machines - Weight stack,repetition_based,3,,"12,10,8","30,30,30,30,30",2023_gb001.mp4,3af77227d5e2f2c9385efeb0564b4d8a2531.png,FALSE,TRUE,https://static.virtuagym.com/v29522/thumb/activity/thumbnail/3af77227d5e2f2c9385efeb0564b4d8a2531.png,https://static.virtuagym.com/videos/2023_gb001.mp4,https://uploads.letsmove.com.s3.amazonaws.com/exercises/videos/2023_gb001.mp4,https://uploads.letsmove.com.s3.amazonaws.com/exercises/thumbnails/3af77227d5e2f2c9385efeb0564b4d8a2531.png
401,Reverse fly lying - DBs,strength,Upper Back,Back,Intermediate,Dumbbells,repetition_based,3,,"12,10,8","30,30,30,30,30",2023_db011.mp4,af33136ffc8d1ea9d85e757c0da889c0cbe4.png,TRUE,TRUE,https://static.virtuagym.com/v29522/thumb/activity/thumbnail/af33136ffc8d1ea9d85e757c0da889c0cbe4.png,https://static.virtuagym.com/videos/2023_db011.mp4,https://uploads.letsmove.com.s3.amazonaws.com/exercises/videos/2023_db011.mp4,https://uploads.letsmove.com.s3.amazonaws.com/exercises/thumbnails/af33136ffc8d1ea9d85e757c0da889c0cbe4.png
187,Seated leg press machine,strength,"Quads, Glutes",Legs,Novice,Strength Machines - Weight stack,repetition_based,3,,"12,10,8","30,30,30,30,30",2023_gl001.mp4,eaee0862ec03866448d0eb9fdcd1b4ec4f29.png,FALSE,TRUE,https://static.virtuagym.com/v29522/thumb/activity/thumbnail/eaee0862ec03866448d0eb9fdcd1b4ec4f29.png,https://static.virtuagym.com/videos/2023_gl001.mp4,https://uploads.letsmove.com.s3.amazonaws.com/exercises/videos/2023_gl001.mp4,https://uploads.letsmove.com.s3.amazonaws.com/exercises/thumbnails/eaee0862ec03866448d0eb9fdcd1b4ec4f29.png
376,"Hip extension, Multi-hip machine, left",strength,"Glutes, Hamstrings",Legs,Novice,Strength Machines - Weight stack,repetition_based,3,,"12,10,8","30,30,30,30,30",2023_equip020m.mp4,7a2c786610a23e30ca4de897b3fa76489185.png,TRUE,TRUE,https://static.virtuagym.com/v29522/thumb/activity/thumbnail/7a2c786610a23e30ca4de897b3fa76489185.png,https://static.virtuagym.com/videos/2023_equip020m.mp4,https://uploads.letsmove.com.s3.amazonaws.com/exercises/videos/2023_equip020m.mp4,https://uploads.letsmove.com.s3.amazonaws.com/exercises/thumbnails/7a2c786610a23e30ca4de897b3fa76489185.png
212,Squat - DBs,strength,"Quads, Glutes","Lower Back, Legs",Novice,Dumbbells,repetition_based,3,,"12,10,8","30,30,30,30,30",2023_dl002.mp4,4800b0d1e407a0320b2bceda63cc6dd4eb04.png,FALSE,TRUE,https://static.virtuagym.com/v29522/thumb/activity/thumbnail/4800b0d1e407a0320b2bceda63cc6dd4eb04.png,https://static.virtuagym.com/videos/2023_dl002.mp4,https://uploads.letsmove.com.s3.amazonaws.com/exercises/videos/2023_dl002.mp4,https://uploads.letsmove.com.s3.amazonaws.com/exercises/thumbnails/4800b0d1e407a0320b2bceda63cc6dd4eb04.png
9205,Ab coaster,strength,All Abs,,Novice,Strength Machines - Weight stack,repetition_based,3,,"12,10,8","30,30,30,30,30",2023_equip031.mp4,4c4b0158e102680623f328172d621a0c9667.png,TRUE,TRUE,https://static.virtuagym.com/v29522/thumb/activity/thumbnail/4c4b0158e102680623f328172d621a0c9667.png,https://static.virtuagym.com/videos/2023_equip031.mp4,https://uploads.letsmove.com.s3.amazonaws.com/exercises/videos/2023_equip031.mp4,https://uploads.letsmove.com.s3.amazonaws.com/exercises/thumbnails/4c4b0158e102680623f328172d621a0c9667.png
185,Seated chest press,strength,Chest,"Triceps, Front Shoulders",Novice,Strength Machines - Weight stack,repetition_based,3,,"12,10,8","30,30,30,30,30",2023_gc001.mp4,f5e295c6fa3815d35ebe5aa9b488287f2929.png,FALSE,TRUE,https://static.virtuagym.com/v29522/thumb/activity/thumbnail/f5e295c6fa3815d35ebe5aa9b488287f2929.png,https://static.virtuagym.com/videos/2023_gc001.mp4,https://uploads.letsmove.com.s3.amazonaws.com/exercises/videos/2023_gc001.mp4,https://uploads.letsmove.com.s3.amazonaws.com/exercises/thumbnails/f5e295c6fa3815d35ebe5aa9b488287f2929.png
1929,"Hamstring stretch straight leg, right",strength,Hamstrings,,Novice,-,repetition_based,1,,5,"30,30,30,30,30",2023_rl004.mp4,44fbc926b31f48111f31a4d7bc81f35a471f.png,TRUE,FALSE,https://static.virtuagym.com/v29522/thumb/activity/thumbnail/44fbc926b31f48111f31a4d7bc81f35a471f.png,https://static.virtuagym.com/videos/2023_rl004.mp4,https://uploads.letsmove.com.s3.amazonaws.com/exercises/videos/2023_rl004.mp4,https://uploads.letsmove.com.s3.amazonaws.com/exercises/thumbnails/44fbc926b31f48111f31a4d7bc81f35a471f.png
170,Superman,strength,Lower Back,,Novice,-,repetition_based,3,,"12,10,8","30,30,30,30,30",2023_xz002.mp4,92b0e40747282d9a92c2a665c129f18a69d0.png,FALSE,FALSE,https://static.virtuagym.com/v29522/thumb/activity/thumbnail/92b0e40747282d9a92c2a665c129f18a69d0.png,https://static.virtuagym.com/videos/2023_xz002.mp4,https://uploads.letsmove.com.s3.amazonaws.com/exercises/videos/2023_xz002.mp4,https://uploads.letsmove.com.s3.amazonaws.com/exercises/thumbnails/92b0e40747282d9a92c2a665c129f18a69d0.png
5924,"Side plank elbow knee star, left",strength,Obliques,"Glutes, Abductor",Novice,-,repetition_based,3,,"12,10,8","30,30,30,30,30",2023_rob012.mp4,47a181ae57e96c96cc51080829e5ed232881.png,TRUE,FALSE,https://static.virtuagym.com/v29522/thumb/activity/thumbnail/47a181ae57e96c96cc51080829e5ed232881.png,https://static.virtuagym.com/videos/2023_rob012.mp4,https://uploads.letsmove.com.s3.amazonaws.com/exercises/videos/2023_rob012.mp4,https://uploads.letsmove.com.s3.amazonaws.com/exercises/thumbnails/47a181ae57e96c96cc51080829e5ed232881.png
2,"Elliptical Trainer, duration",cardio,Cardiovascular System,Full Body,Novice,Cardio,repetition_based,0,,,"30,30,30,30,30",2023_cm002.mp4,c1e456a02192fce22dfd72242a236d261c36.png,FALSE,FALSE,https://static.virtuagym.com/v29522/thumb/activity/thumbnail/c1e456a02192fce22dfd72242a236d261c36.png,https://static.virtuagym.com/videos/2023_cm002.mp4,https://uploads.letsmove.com.s3.amazonaws.com/exercises/videos/2023_cm002.mp4,https://uploads.letsmove.com.s3.amazonaws.com/exercises/thumbnails/c1e456a02192fce22dfd72242a236d261c36.png
5925,"Side plank elbow knee star, right",strength,Obliques,"Glutes, Abductor",Novice,-,repetition_based,3,,"12,10,8","30,30,30,30,30",2023_rob012m.mp4,351430625f5c878069993f0289ebde73f8a9.png,TRUE,FALSE,https://static.virtuagym.com/v29522/thumb/activity/thumbnail/351430625f5c878069993f0289ebde73f8a9.png,https://static.virtuagym.com/videos/2023_rob012m.mp4,https://uploads.letsmove.com.s3.amazonaws.com/exercises/videos/2023_rob012m.mp4,https://uploads.letsmove.com.s3.amazonaws.com/exercises/thumbnails/351430625f5c878069993f0289ebde73f8a9.png
201,Bent-over row seated - DBs,strength,Upper Back,"Biceps, Back Shoulders, Lats",Novice,Dumbbells,repetition_based,3,,"12,10,8","30,30,30,30,30",2023_db008.mp4,48cb203e22846aed270958225ad52bbef10b.png,FALSE,TRUE,https://static.virtuagym.com/v29522/thumb/activity/thumbnail/48cb203e22846aed270958225ad52bbef10b.png,https://static.virtuagym.com/videos/2023_db008.mp4,https://uploads.letsmove.com.s3.amazonaws.com/exercises/videos/2023_db008.mp4,https://uploads.letsmove.com.s3.amazonaws.com/exercises/thumbnails/48cb203e22846aed270958225ad52bbef10b.png
264,Push-up decline - Box,strength,Chest,Triceps,Advanced,Box / step,repetition_based,3,,"12,10,8","30,30,30,30,30",2023_xc008.mp4,934117c48481d822917af073ea64cdc1eb5a.png,TRUE,FALSE,https://static.virtuagym.com/v29522/thumb/activity/thumbnail/934117c48481d822917af073ea64cdc1eb5a.png,https://static.virtuagym.com/videos/2023_xc008.mp4,https://uploads.letsmove.com.s3.amazonaws.com/exercises/videos/2023_xc008.mp4,https://uploads.letsmove.com.s3.amazonaws.com/exercises/thumbnails/934117c48481d822917af073ea64cdc1eb5a.png
179,Push-up wall narrow,strength,Triceps,Chest,Novice,Wall,repetition_based,3,,"12,10,8","30,30,30,30,30",2023_xt001.mp4,ce6df1fe5c12c9a35b8e91b72b9340cc5e0e.png,FALSE,FALSE,https://static.virtuagym.com/v29522/thumb/activity/thumbnail/ce6df1fe5c12c9a35b8e91b72b9340cc5e0e.png,https://static.virtuagym.com/videos/2023_xt001.mp4,https://uploads.letsmove.com.s3.amazonaws.com/exercises/videos/2023_xt001.mp4,https://uploads.letsmove.com.s3.amazonaws.com/exercises/thumbnails/ce6df1fe5c12c9a35b8e91b72b9340cc5e0e.png
1989,Reverse crunch straight legs,strength,Abs - Straight Abs,,Novice,-,repetition_based,3,,"12,10,8","30,30,30,30,30",2023_xa022.mp4,01a6328f6c6ba9fb8eeec7c2443fe0431557.png,TRUE,FALSE,https://static.virtuagym.com/v29522/thumb/activity/thumbnail/01a6328f6c6ba9fb8eeec7c2443fe0431557.png,https://static.virtuagym.com/videos/2023_xa022.mp4,https://uploads.letsmove.com.s3.amazonaws.com/exercises/videos/2023_xa022.mp4,https://uploads.letsmove.com.s3.amazonaws.com/exercises/thumbnails/01a6328f6c6ba9fb8eeec7c2443fe0431557.png
253,"Crunch diagonal, left",strength,Obliques,,Novice,-,repetition_based,3,,"12,10,8","30,30,30,30,30",2023_xa007.mp4,66b103522fb5844e0396e6020636cd0c1a4d.png,FALSE,FALSE,https://static.virtuagym.com/v29522/thumb/activity/thumbnail/66b103522fb5844e0396e6020636cd0c1a4d.png,https://static.virtuagym.com/videos/2023_xa007.mp4,https://uploads.letsmove.com.s3.amazonaws.com/exercises/videos/2023_xa007.mp4,https://uploads.letsmove.com.s3.amazonaws.com/exercises/thumbnails/66b103522fb5844e0396e6020636cd0c1a4d.png
6074,Crunch decline - Bench,strength,Abs - Straight Abs,,Novice,Bench,repetition_based,3,,"12,10,8","30,30,30,30,30",2023_bib05d.mp4,8fa65e54cecf2645f7901e47c0a7e1b185f5.png,TRUE,TRUE,https://static.virtuagym.com/v29522/thumb/activity/thumbnail/8fa65e54cecf2645f7901e47c0a7e1b185f5.png,https://static.virtuagym.com/videos/2023_bib05d.mp4,https://uploads.letsmove.com.s3.amazonaws.com/exercises/videos/2023_bib05d.mp4,https://uploads.letsmove.com.s3.amazonaws.com/exercises/thumbnails/8fa65e54cecf2645f7901e47c0a7e1b185f5.png
252,"Crunch diagonal, right",strength,Obliques,All Abs,Novice,-,repetition_based,3,,"12,10,8","30,30,30,30,30",2023_xa007m.mp4,79d3d48582a3a4642a0603595fe073a52470.png,FALSE,FALSE,https://static.virtuagym.com/v29522/thumb/activity/thumbnail/79d3d48582a3a4642a0603595fe073a52470.png,https://static.virtuagym.com/videos/2023_xa007m.mp4,https://uploads.letsmove.com.s3.amazonaws.com/exercises/videos/2023_xa007m.mp4,https://uploads.letsmove.com.s3.amazonaws.com/exercises/thumbnails/79d3d48582a3a4642a0603595fe073a52470.png
9174,Assisted kneeling pull up reverse grip,strength,Lats,"Back, Biceps",Novice,Strength Machines - Weight stack,repetition_based,3,,"12,10,8","30,30,30,30,30",2023_oa122.mp4,bdd20d3d582c44b3d4280de20715a96ec1ac.png,TRUE,TRUE,https://static.virtuagym.com/v29522/thumb/activity/thumbnail/bdd20d3d582c44b3d4280de20715a96ec1ac.png,https://static.virtuagym.com/videos/2023_oa122.mp4,https://uploads.letsmove.com.s3.amazonaws.com/exercises/videos/2023_oa122.mp4,https://uploads.letsmove.com.s3.amazonaws.com/exercises/thumbnails/bdd20d3d582c44b3d4280de20715a96ec1ac.png
215,"Split squat, right - DBs",strength,"Quads, Glutes",Legs,Novice,Dumbbells,repetition_based,3,,"12,10,8","30,30,30,30,30",2023_dl005m.mp4,fbfeff649658a37c53d01d331d772b83cfdc.png,FALSE,TRUE,https://static.virtuagym.com/v29522/thumb/activity/thumbnail/fbfeff649658a37c53d01d331d772b83cfdc.png,https://static.virtuagym.com/videos/2023_dl005m.mp4,https://uploads.letsmove.com.s3.amazonaws.com/exercises/videos/2023_dl005m.mp4,https://uploads.letsmove.com.s3.amazonaws.com/exercises/thumbnails/fbfeff649658a37c53d01d331d772b83cfdc.png
5903,Preacher curl - Barbell,strength,Biceps,,Novice,Barbell,repetition_based,3,,"12,10,8","30,30,30,30,30",2023_herman020.mp4,7b4246e30a2f35136d2d1ccc7fa6ec7db283.png,TRUE,TRUE,https://static.virtuagym.com/v29522/thumb/activity/thumbnail/7b4246e30a2f35136d2d1ccc7fa6ec7db283.png,https://static.virtuagym.com/videos/2023_herman020.mp4,https://uploads.letsmove.com.s3.amazonaws.com/exercises/videos/2023_herman020.mp4,https://uploads.letsmove.com.s3.amazonaws.com/exercises/thumbnails/7b4246e30a2f35136d2d1ccc7fa6ec7db283.png
216,"Split squat, left - DBs",strength,"Quads, Glutes",Legs,Novice,Dumbbells,repetition_based,3,,"12,10,8","30,30,30,30,30",2023_dl005.mp4,fa7af1fef9c958b50978a28cf1cd7267a528.png,FALSE,TRUE,https://static.virtuagym.com/v29522/thumb/activity/thumbnail/fa7af1fef9c958b50978a28cf1cd7267a528.png,https://static.virtuagym.com/videos/2023_dl005.mp4,https://uploads.letsmove.com.s3.amazonaws.com/exercises/videos/2023_dl005.mp4,https://uploads.letsmove.com.s3.amazonaws.com/exercises/thumbnails/fa7af1fef9c958b50978a28cf1cd7267a528.png
9171,Assisted dipping machine,strength,Triceps,,Novice,Strength Machines - Weight stack,repetition_based,3,,"12,10,8","30,30,30,30,30",2023_equip003.mp4,64a5a94f064a6765cecadd7a5940a15e5655.png,TRUE,TRUE,https://static.virtuagym.com/v29522/thumb/activity/thumbnail/64a5a94f064a6765cecadd7a5940a15e5655.png,https://static.virtuagym.com/videos/2023_equip003.mp4,https://uploads.letsmove.com.s3.amazonaws.com/exercises/videos/2023_equip003.mp4,https://uploads.letsmove.com.s3.amazonaws.com/exercises/thumbnails/64a5a94f064a6765cecadd7a5940a15e5655.png
35,Lateral raise standing - DBs,strength,Shoulders,,Novice,Dumbbells,repetition_based,3,,"12,10,8","30,30,30,30,30",2023_ds001.mp4,99cece5498cc014f91da033255ea06b3508f.png,FALSE,TRUE,https://static.virtuagym.com/v29522/thumb/activity/thumbnail/99cece5498cc014f91da033255ea06b3508f.png,https://static.virtuagym.com/videos/2023_ds001.mp4,https://uploads.letsmove.com.s3.amazonaws.com/exercises/videos/2023_ds001.mp4,https://uploads.letsmove.com.s3.amazonaws.com/exercises/thumbnails/99cece5498cc014f91da033255ea06b3508f.png
1925,"Glute stretch forced, left",strength,Abductor,Glutes,Novice,-,repetition_based,1,,5,"30,30,30,30,30",2023_rl003.mp4,b598a15654c418d29612801bb667be443bed.png,TRUE,FALSE,https://static.virtuagym.com/v29522/thumb/activity/thumbnail/b598a15654c418d29612801bb667be443bed.png,https://static.virtuagym.com/videos/2023_rl003.mp4,https://uploads.letsmove.com.s3.amazonaws.com/exercises/videos/2023_rl003.mp4,https://uploads.letsmove.com.s3.amazonaws.com/exercises/thumbnails/b598a15654c418d29612801bb667be443bed.png
171,Table pull up,strength,Upper Back,"Back Shoulders, Biceps",Novice,-,repetition_based,3,,"12,10,8","30,30,30,30,30",2023_xb002.mp4,dce522eb0728097b5d939b93f2da25921da5.png,FALSE,FALSE,https://static.virtuagym.com/v29522/thumb/activity/thumbnail/dce522eb0728097b5d939b93f2da25921da5.png,https://static.virtuagym.com/videos/2023_xb002.mp4,https://uploads.letsmove.com.s3.amazonaws.com/exercises/videos/2023_xb002.mp4,https://uploads.letsmove.com.s3.amazonaws.com/exercises/thumbnails/dce522eb0728097b5d939b93f2da25921da5.png
520,Hyperextension high,strength,"Lower Back, Glutes",Hamstrings,Novice,Strength Machines - Weight stack,repetition_based,3,,"12,10,8","30,30,30,30,30",2023_oa066.mp4,787e806cb904aab50e52b5622246d6493e1f.png,TRUE,TRUE,https://static.virtuagym.com/v29522/thumb/activity/thumbnail/787e806cb904aab50e52b5622246d6493e1f.png,https://static.virtuagym.com/videos/2023_oa066.mp4,https://uploads.letsmove.com.s3.amazonaws.com/exercises/videos/2023_oa066.mp4,https://uploads.letsmove.com.s3.amazonaws.com/exercises/thumbnails/787e806cb904aab50e52b5622246d6493e1f.png
18,"Rowing Machine, low intensity",cardio,Cardiovascular System,Full Body,Novice,Cardio,repetition_based,0,,,"30,30,30,30,30",2023_cm001.mp4,8f594fa88c54f1ab6d802546536c384de869.png,FALSE,FALSE,https://static.virtuagym.com/v29522/thumb/activity/thumbnail/8f594fa88c54f1ab6d802546536c384de869.png,https://static.virtuagym.com/videos/2023_cm001.mp4,https://uploads.letsmove.com.s3.amazonaws.com/exercises/videos/2023_cm001.mp4,https://uploads.letsmove.com.s3.amazonaws.com/exercises/thumbnails/8f594fa88c54f1ab6d802546536c384de869.png
4100,"Bicep curl, left - FB",strength,Biceps,,Intermediate,"Exercise ball, Dumbbells",repetition_based,3,,"12,10,8","30,30,30,30,30",2023_eb006.mp4,da4ea96d242c278ec40815221f3878f2e02d.png,TRUE,TRUE,https://static.virtuagym.com/v29522/thumb/activity/thumbnail/da4ea96d242c278ec40815221f3878f2e02d.png,https://static.virtuagym.com/videos/2023_eb006.mp4,https://uploads.letsmove.com.s3.amazonaws.com/exercises/videos/2023_eb006.mp4,https://uploads.letsmove.com.s3.amazonaws.com/exercises/thumbnails/da4ea96d242c278ec40815221f3878f2e02d.png
198,Push-up,strength,Chest,Triceps,Intermediate,-,repetition_based,3,,"12,10,8","30,30,30,30,30",2023_oa001.mp4,35115df53f3c1e34fe37c17d788ac65022fd.png,FALSE,FALSE,https://static.virtuagym.com/v29522/thumb/activity/thumbnail/35115df53f3c1e34fe37c17d788ac65022fd.png,https://static.virtuagym.com/videos/2023_oa001.mp4,https://uploads.letsmove.com.s3.amazonaws.com/exercises/videos/2023_oa001.mp4,https://uploads.letsmove.com.s3.amazonaws.com/exercises/thumbnails/35115df53f3c1e34fe37c17d788ac65022fd.png
9181,"Rotary torso machine kneeling, left",strength,Obliques,,Novice,Strength Machines - Weight stack,repetition_based,3,,"12,10,8","30,30,30,30,30",2023_equip014.mp4,0e9dcc840b8d99de8a6bccb32078d35ab55f.png,TRUE,TRUE,https://static.virtuagym.com/v29522/thumb/activity/thumbnail/0e9dcc840b8d99de8a6bccb32078d35ab55f.png,https://static.virtuagym.com/videos/2023_equip014.mp4,https://uploads.letsmove.com.s3.amazonaws.com/exercises/videos/2023_equip014.mp4,https://uploads.letsmove.com.s3.amazonaws.com/exercises/thumbnails/0e9dcc840b8d99de8a6bccb32078d35ab55f.png
190,Shoulder press machine,strength,Shoulders,,Novice,Strength Machines - Weight stack,repetition_based,3,,"12,10,8","30,30,30,30,30",2023_gs001.mp4,34d72bd98ae5d51f0d119de434c491e9d89f.png,FALSE,TRUE,https://static.virtuagym.com/v29522/thumb/activity/thumbnail/34d72bd98ae5d51f0d119de434c491e9d89f.png,https://static.virtuagym.com/videos/2023_gs001.mp4,https://uploads.letsmove.com.s3.amazonaws.com/exercises/videos/2023_gs001.mp4,https://uploads.letsmove.com.s3.amazonaws.com/exercises/thumbnails/34d72bd98ae5d51f0d119de434c491e9d89f.png
5430,"Hamstring stretch straight leg, left",strength,Hamstrings,,Novice,-,repetition_based,1,,5,"30,30,30,30,30",2023_rl004m.mp4,5efa7b82b8552fd5427410e6a0e67de585bd.png,TRUE,FALSE,https://static.virtuagym.com/v29522/thumb/activity/thumbnail/5efa7b82b8552fd5427410e6a0e67de585bd.png,https://static.virtuagym.com/videos/2023_rl004m.mp4,https://uploads.letsmove.com.s3.amazonaws.com/exercises/videos/2023_rl004m.mp4,https://uploads.letsmove.com.s3.amazonaws.com/exercises/thumbnails/5efa7b82b8552fd5427410e6a0e67de585bd.png
314,Bench press - Barbell,strength,Chest,"Triceps, Front Shoulders",Beginner,Barbell,repetition_based,3,,"12,12,12","30,30,30,30,30",2023_bc001.mp4,1ee495a7c5b9410cb1ad06687235862e7f13.png,FALSE,TRUE,https://static.virtuagym.com/v29522/thumb/activity/thumbnail/1ee495a7c5b9410cb1ad06687235862e7f13.png,https://static.virtuagym.com/videos/2023_bc001.mp4,https://uploads.letsmove.com.s3.amazonaws.com/exercises/videos/2023_bc001.mp4,https://uploads.letsmove.com.s3.amazonaws.com/exercises/thumbnails/1ee495a7c5b9410cb1ad06687235862e7f13.png
6070,Bench press wide grip - Barbell,strength,Upper Chest,Triceps,Novice,Barbell,repetition_based,3,,"12,12,12","30,30,30,30,30",2023_bib02.mp4,6fda82f417462a5bbbceff4e99425e4c6865.png,TRUE,TRUE,https://static.virtuagym.com/v29522/thumb/activity/thumbnail/6fda82f417462a5bbbceff4e99425e4c6865.png,https://static.virtuagym.com/videos/2023_bib02.mp4,https://uploads.letsmove.com.s3.amazonaws.com/exercises/videos/2023_bib02.mp4,https://uploads.letsmove.com.s3.amazonaws.com/exercises/thumbnails/6fda82f417462a5bbbceff4e99425e4c6865.png
191,Triceps push down - Pulley,strength,Triceps,,Novice,"Strength Machines - Weight stack, Pulley",repetition_based,3,,"12,10,8","30,30,30,30,30",2023_gt001.mp4,c336a88c60aec7c329a526bedbad9de60fdc.png,FALSE,TRUE,https://static.virtuagym.com/v29522/thumb/activity/thumbnail/c336a88c60aec7c329a526bedbad9de60fdc.png,https://static.virtuagym.com/videos/2023_gt001.mp4,https://uploads.letsmove.com.s3.amazonaws.com/exercises/videos/2023_gt001.mp4,https://uploads.letsmove.com.s3.amazonaws.com/exercises/thumbnails/c336a88c60aec7c329a526bedbad9de60fdc.png
504,Hammer curl - Pulley,strength,Biceps,,Advanced,"Strength Machines - Weight stack, Pulley",repetition_based,3,,"12,10,8","30,30,30,30,30",2023_sid0011.mp4,6874e95426f5732b1e9a95abb25a5bdf406c.png,TRUE,TRUE,https://static.virtuagym.com/v29522/thumb/activity/thumbnail/6874e95426f5732b1e9a95abb25a5bdf406c.png,https://static.virtuagym.com/videos/2023_sid0011.mp4,https://uploads.letsmove.com.s3.amazonaws.com/exercises/videos/2023_sid0011.mp4,https://uploads.letsmove.com.s3.amazonaws.com/exercises/thumbnails/6874e95426f5732b1e9a95abb25a5bdf406c.png
189,Leg abduction machine,strength,Abductor,,Novice,Strength Machines - Weight stack,repetition_based,3,,"12,10,8","30,30,30,30,30",2023_gl003.mp4,9f70cf94b9feed34f23afd0b7ae02e5dfdc5.png,FALSE,TRUE,https://static.virtuagym.com/v29522/thumb/activity/thumbnail/9f70cf94b9feed34f23afd0b7ae02e5dfdc5.png,https://static.virtuagym.com/videos/2023_gl003.mp4,https://uploads.letsmove.com.s3.amazonaws.com/exercises/videos/2023_gl003.mp4,https://uploads.letsmove.com.s3.amazonaws.com/exercises/thumbnails/9f70cf94b9feed34f23afd0b7ae02e5dfdc5.png
4157,Biceps curl into shoulder press - DBs,strength,"Biceps, Shoulders",,Intermediate,Dumbbells,repetition_based,3,,"12,10,8","30,30,30,30,30",2023_id0037.mp4,8d5b2cec0c10014eb06e8de7887ba30b1d46.png,TRUE,TRUE,https://static.virtuagym.com/v29522/thumb/activity/thumbnail/8d5b2cec0c10014eb06e8de7887ba30b1d46.png,https://static.virtuagym.com/videos/2023_id0037.mp4,https://uploads.letsmove.com.s3.amazonaws.com/exercises/videos/2023_id0037.mp4,https://uploads.letsmove.com.s3.amazonaws.com/exercises/thumbnails/8d5b2cec0c10014eb06e8de7887ba30b1d46.png
242,Leg curl seated,strength,Hamstrings,,Novice,Strength Machines - Weight stack,repetition_based,3,,"12,10,8","30,30,30,30,30",2023_gl006.mp4,f006b0dce7bd0b89d7cb42e8d22b40d4693a.png,FALSE,TRUE,https://static.virtuagym.com/v29522/thumb/activity/thumbnail/f006b0dce7bd0b89d7cb42e8d22b40d4693a.png,https://static.virtuagym.com/videos/2023_gl006.mp4,https://uploads.letsmove.com.s3.amazonaws.com/exercises/videos/2023_gl006.mp4,https://uploads.letsmove.com.s3.amazonaws.com/exercises/thumbnails/f006b0dce7bd0b89d7cb42e8d22b40d4693a.png
374,"Knee raise, side, Captains chair",strength,Obliques,All Abs,Intermediate,Strength Machines - Weight stack,repetition_based,3,,"12,10,8","30,30,30,30,30",2023_id0474.mp4,81f242bc57c99cd9bb11ad252360608b9016.png,TRUE,FALSE,https://static.virtuagym.com/v29522/thumb/activity/thumbnail/81f242bc57c99cd9bb11ad252360608b9016.png,https://static.virtuagym.com/videos/2023_id0474.mp4,https://uploads.letsmove.com.s3.amazonaws.com/exercises/videos/2023_id0474.mp4,https://uploads.letsmove.com.s3.amazonaws.com/exercises/thumbnails/81f242bc57c99cd9bb11ad252360608b9016.png
188,Leg adduction machine,strength,Adductor,,Novice,Strength Machines - Weight stack,repetition_based,3,,"12,10,8","30,30,30,30,30",2023_gl002.mp4,ce1050df881f625b350e74a7c56f97fa7b27.png,FALSE,TRUE,https://static.virtuagym.com/v29522/thumb/activity/thumbnail/ce1050df881f625b350e74a7c56f97fa7b27.png,https://static.virtuagym.com/videos/2023_gl002.mp4,https://uploads.letsmove.com.s3.amazonaws.com/exercises/videos/2023_gl002.mp4,https://uploads.letsmove.com.s3.amazonaws.com/exercises/thumbnails/ce1050df881f625b350e74a7c56f97fa7b27.png
381,"Wood chop horizontal, left - Pulley",strength,Obliques,,Intermediate,Pulley,repetition_based,3,,"12,10,8","30,30,30,30,30",2023_id0001.mp4,5e6f93868398955d017c571ac231a91541cd.png,TRUE,TRUE,https://static.virtuagym.com/v29522/thumb/activity/thumbnail/5e6f93868398955d017c571ac231a91541cd.png,https://static.virtuagym.com/videos/2023_id0001.mp4,https://uploads.letsmove.com.s3.amazonaws.com/exercises/videos/2023_id0001.mp4,https://uploads.letsmove.com.s3.amazonaws.com/exercises/thumbnails/5e6f93868398955d017c571ac231a91541cd.png
514,"Treadmill, duration",cardio,Cardiovascular System,Legs,Novice,Cardio,repetition_based,0,,,"30,30,30,30,30",2023_cm005.mp4,6002580c6f23b666f2f742ddbabc649168db.png,FALSE,FALSE,https://static.virtuagym.com/v29522/thumb/activity/thumbnail/6002580c6f23b666f2f742ddbabc649168db.png,https://static.virtuagym.com/videos/2023_cm005.mp4,https://uploads.letsmove.com.s3.amazonaws.com/exercises/videos/2023_cm005.mp4,https://uploads.letsmove.com.s3.amazonaws.com/exercises/thumbnails/6002580c6f23b666f2f742ddbabc649168db.png
460,Reverse fly - ST,strength,"Upper Back, Back Shoulders",Back,Novice,Suspension trainer,repetition_based,3,,"12,10,8","30,30,30,30,30",2023_kettler063.mp4,8c5e7bc201f081ecf95ee122aba7103ddaef.png,TRUE,FALSE,https://static.virtuagym.com/v29522/thumb/activity/thumbnail/8c5e7bc201f081ecf95ee122aba7103ddaef.png,https://static.virtuagym.com/videos/2023_kettler063.mp4,https://uploads.letsmove.com.s3.amazonaws.com/exercises/videos/2023_kettler063.mp4,https://uploads.letsmove.com.s3.amazonaws.com/exercises/thumbnails/8c5e7bc201f081ecf95ee122aba7103ddaef.png
8,"Stationary Bike, duration",cardio,Cardiovascular System,Legs,Novice,Cardio,repetition_based,0,,,"30,30,30,30,30",2023_oa052.mp4,a617d9242d8c379f828221632fa6e2057a04.png,FALSE,FALSE,https://static.virtuagym.com/v29522/thumb/activity/thumbnail/a617d9242d8c379f828221632fa6e2057a04.png,https://static.virtuagym.com/videos/2023_oa052.mp4,https://uploads.letsmove.com.s3.amazonaws.com/exercises/videos/2023_oa052.mp4,https://uploads.letsmove.com.s3.amazonaws.com/exercises/thumbnails/a617d9242d8c379f828221632fa6e2057a04.png
361,Power clean and strict press - Barbell,strength,"Back, Shoulders, Legs",Full Body,Advanced,Barbell,repetition_based,3,,"12,10,8","30,30,30,30,30",2023_sid0164.mp4,03c800c1bac9b639b326f0e1ba90d64a4866.png,TRUE,TRUE,https://static.virtuagym.com/v29522/thumb/activity/thumbnail/03c800c1bac9b639b326f0e1ba90d64a4866.png,https://static.virtuagym.com/videos/2023_sid0164.mp4,https://uploads.letsmove.com.s3.amazonaws.com/exercises/videos/2023_sid0164.mp4,https://uploads.letsmove.com.s3.amazonaws.com/exercises/thumbnails/03c800c1bac9b639b326f0e1ba90d64a4866.png
1,"Elliptical Trainer, low intensity",cardio,Cardiovascular System,Full Body,Novice,Cardio,repetition_based,0,,,"30,30,30,30,30",2023_cm002.mp4,432d32cf9675b0f0566394a9bb0a73de5195.png,FALSE,FALSE,https://static.virtuagym.com/v29522/thumb/activity/thumbnail/432d32cf9675b0f0566394a9bb0a73de5195.png,https://static.virtuagym.com/videos/2023_cm002.mp4,https://uploads.letsmove.com.s3.amazonaws.com/exercises/videos/2023_cm002.mp4,https://uploads.letsmove.com.s3.amazonaws.com/exercises/thumbnails/432d32cf9675b0f0566394a9bb0a73de5195.png
265,Push-up decline wide - Box,strength,Chest,Triceps,Advanced,Box / step,repetition_based,3,,"12,10,8","30,30,30,30,30",2023_xc009.mp4,1f67e7861e8237e648c232e770db7484402e.png,TRUE,FALSE,https://static.virtuagym.com/v29522/thumb/activity/thumbnail/1f67e7861e8237e648c232e770db7484402e.png,https://static.virtuagym.com/videos/2023_xc009.mp4,https://uploads.letsmove.com.s3.amazonaws.com/exercises/videos/2023_xc009.mp4,https://uploads.letsmove.com.s3.amazonaws.com/exercises/thumbnails/1f67e7861e8237e648c232e770db7484402e.png
222,Triceps extension seated - DB,strength,Triceps,,Novice,Dumbbells,repetition_based,3,,"12,10,8","30,30,30,30,30",2023_dt002.mp4,3f86a1185ee0ab2ed06c12269501b4176ce9.png,FALSE,TRUE,https://static.virtuagym.com/v29522/thumb/activity/thumbnail/3f86a1185ee0ab2ed06c12269501b4176ce9.png,https://static.virtuagym.com/videos/2023_dt002.mp4,https://uploads.letsmove.com.s3.amazonaws.com/exercises/videos/2023_dt002.mp4,https://uploads.letsmove.com.s3.amazonaws.com/exercises/thumbnails/3f86a1185ee0ab2ed06c12269501b4176ce9.png
233,"Horizontal row, left - Pulley",strength,Upper Back,"Biceps, Back Shoulders, Lats",Novice,Pulley,repetition_based,3,,"12,10,8","30,30,30,30,30",2023_gb003.mp4,5d5aadfb35a48b19e38496c214d02d703df3.png,TRUE,TRUE,https://static.virtuagym.com/v29522/thumb/activity/thumbnail/5d5aadfb35a48b19e38496c214d02d703df3.png,https://static.virtuagym.com/videos/2023_gb003.mp4,https://uploads.letsmove.com.s3.amazonaws.com/exercises/videos/2023_gb003.mp4,https://uploads.letsmove.com.s3.amazonaws.com/exercises/thumbnails/5d5aadfb35a48b19e38496c214d02d703df3.png
241,Seated leg extension,strength,Quads,,Novice,Strength Machines - Weight stack,repetition_based,3,,"12,12,12","30,30,30,30,30",2023_sid0012.mp4,97aeca241ce5b5df56181f64d7f32b4696c9.png,FALSE,TRUE,https://static.virtuagym.com/v29522/thumb/activity/thumbnail/97aeca241ce5b5df56181f64d7f32b4696c9.png,https://static.virtuagym.com/videos/2023_sid0012.mp4,https://uploads.letsmove.com.s3.amazonaws.com/exercises/videos/2023_sid0012.mp4,https://uploads.letsmove.com.s3.amazonaws.com/exercises/thumbnails/97aeca241ce5b5df56181f64d7f32b4696c9.png
452,Crunch high - ST,strength,All Abs,"Arms, Chest",Advanced,Suspension trainer,repetition_based,3,,"12,10,8","30,30,30,30,30",2023_kettler060.mp4,955ad985e4f1e995ea2bac17c78bedda4d34.png,TRUE,FALSE,https://static.virtuagym.com/v29522/thumb/activity/thumbnail/955ad985e4f1e995ea2bac17c78bedda4d34.png,https://static.virtuagym.com/videos/2023_kettler060.mp4,https://uploads.letsmove.com.s3.amazonaws.com/exercises/videos/2023_kettler060.mp4,https://uploads.letsmove.com.s3.amazonaws.com/exercises/thumbnails/955ad985e4f1e995ea2bac17c78bedda4d34.png
511,"Running, duration",cardio,"Cardiovascular System, Legs",Full Body,Novice,Cardio,repetition_based,0,,,"30,30,30,30,30",2023_sid0162.mp4,b87d1910cb5d9a3fed354c5ac3fc06567d64.png,FALSE,FALSE,https://static.virtuagym.com/v29522/thumb/activity/thumbnail/b87d1910cb5d9a3fed354c5ac3fc06567d64.png,https://static.virtuagym.com/videos/2023_sid0162.mp4,https://uploads.letsmove.com.s3.amazonaws.com/exercises/videos/2023_sid0162.mp4,https://uploads.letsmove.com.s3.amazonaws.com/exercises/thumbnails/b87d1910cb5d9a3fed354c5ac3fc06567d64.png
497,Hip thrust - Barbell,strength,Glutes,"Quads, Lower Back",Advanced,"Barbell, Bench",repetition_based,3,,"12,10,8","30,30,30,30,30",2023_id0434.mp4,1f7f5b399bdfb6b087c72ab638b6fe1037dd.png,TRUE,TRUE,https://static.virtuagym.com/v29522/thumb/activity/thumbnail/1f7f5b399bdfb6b087c72ab638b6fe1037dd.png,https://static.virtuagym.com/videos/2023_id0434.mp4,https://uploads.letsmove.com.s3.amazonaws.com/exercises/videos/2023_id0434.mp4,https://uploads.letsmove.com.s3.amazonaws.com/exercises/thumbnails/1f7f5b399bdfb6b087c72ab638b6fe1037dd.png
161,"Walking, duration",cardio,Cardiovascular System,Legs,Novice,-,repetition_based,0,,,"30,30,30,30,30",2023_id1306.mp4,99ca2537576e6a7f6a956fee1a303652d9dc.png,FALSE,FALSE,https://static.virtuagym.com/v29522/thumb/activity/thumbnail/99ca2537576e6a7f6a956fee1a303652d9dc.png,https://static.virtuagym.com/videos/2023_id1306.mp4,https://uploads.letsmove.com.s3.amazonaws.com/exercises/videos/2023_id1306.mp4,https://uploads.letsmove.com.s3.amazonaws.com/exercises/thumbnails/99ca2537576e6a7f6a956fee1a303652d9dc.png
464,Sumo Squat - Barbell,strength,"Quads, Glutes","Lower Back, Legs",Advanced,Barbell,repetition_based,3,,"12,10,8","30,30,30,30,30",2023_sid0181.mp4,35e483c9ec3b962f94cc0cd19a39916866cc.png,TRUE,TRUE,https://static.virtuagym.com/v29522/thumb/activity/thumbnail/35e483c9ec3b962f94cc0cd19a39916866cc.png,https://static.virtuagym.com/videos/2023_sid0181.mp4,https://uploads.letsmove.com.s3.amazonaws.com/exercises/videos/2023_sid0181.mp4,https://uploads.letsmove.com.s3.amazonaws.com/exercises/thumbnails/35e483c9ec3b962f94cc0cd19a39916866cc.png
206,Bench press - DBs,strength,Chest,Triceps,Novice,Dumbbells,repetition_based,3,,"12,10,8","30,30,30,30,30",2023_kettler067.mp4,755efb89086587a07e605e0b3658bdeea79b.png,FALSE,TRUE,https://static.virtuagym.com/v29522/thumb/activity/thumbnail/755efb89086587a07e605e0b3658bdeea79b.png,https://static.virtuagym.com/videos/2023_kettler067.mp4,https://uploads.letsmove.com.s3.amazonaws.com/exercises/videos/2023_kettler067.mp4,https://uploads.letsmove.com.s3.amazonaws.com/exercises/thumbnails/755efb89086587a07e605e0b3658bdeea79b.png
5908,"Triceps kickback, left - DB",strength,Triceps,,Novice,Dumbbells,repetition_based,3,,"12,10,8","30,30,30,30,30",2023_herman024.mp4,bc6cb7744463989f494bab3be08a8fc22713.png,TRUE,TRUE,https://static.virtuagym.com/v29522/thumb/activity/thumbnail/bc6cb7744463989f494bab3be08a8fc22713.png,https://static.virtuagym.com/videos/2023_herman024.mp4,https://uploads.letsmove.com.s3.amazonaws.com/exercises/videos/2023_herman024.mp4,https://uploads.letsmove.com.s3.amazonaws.com/exercises/thumbnails/bc6cb7744463989f494bab3be08a8fc22713.png
99,Running 8 km/h ~ 5 mph,cardio,Cardiovascular System,Legs,Novice,Cardio,repetition_based,0,,,"30,30,30,30,30",2023_sid0162.mp4,5adea62fb15f38f76a8141f142e74632e4b5.png,FALSE,FALSE,https://static.virtuagym.com/v29522/thumb/activity/thumbnail/5adea62fb15f38f76a8141f142e74632e4b5.png,https://static.virtuagym.com/videos/2023_sid0162.mp4,https://uploads.letsmove.com.s3.amazonaws.com/exercises/videos/2023_sid0162.mp4,https://uploads.letsmove.com.s3.amazonaws.com/exercises/thumbnails/5adea62fb15f38f76a8141f142e74632e4b5.png
368,Reverse curl - Barbell,strength,Biceps,,Novice,Barbell,repetition_based,3,,"12,10,8","30,30,30,30,30",2023_oa019.mp4,190d6aa2a8114722b067b3f3bc2e695c686e.png,TRUE,TRUE,https://static.virtuagym.com/v29522/thumb/activity/thumbnail/190d6aa2a8114722b067b3f3bc2e695c686e.png,https://static.virtuagym.com/videos/2023_oa019.mp4,https://uploads.letsmove.com.s3.amazonaws.com/exercises/videos/2023_oa019.mp4,https://uploads.letsmove.com.s3.amazonaws.com/exercises/thumbnails/190d6aa2a8114722b067b3f3bc2e695c686e.png
231,Abdominal crunch machine,strength,Abs - Straight Abs,,Novice,Strength Machines - Weight stack,repetition_based,3,,"12,10,8","30,30,30,30,30",2023_ga001.mp4,23f41082669a7fef3bd6b5fdd18b17ff3d5e.png,FALSE,TRUE,https://static.virtuagym.com/v29522/thumb/activity/thumbnail/23f41082669a7fef3bd6b5fdd18b17ff3d5e.png,https://static.virtuagym.com/videos/2023_ga001.mp4,https://uploads.letsmove.com.s3.amazonaws.com/exercises/videos/2023_ga001.mp4,https://uploads.letsmove.com.s3.amazonaws.com/exercises/thumbnails/23f41082669a7fef3bd6b5fdd18b17ff3d5e.png
371,Upright row narrow - Barbell,strength,Middle Shoulders,"Upper Back, Front Shoulders, Biceps, Upper Back",Novice,Barbell,repetition_based,3,,"12,10,8","30,30,30,30,30",2023_oa025.mp4,8f6dda031279ee20f8fcc4de1a11caae1d10.png,TRUE,TRUE,https://static.virtuagym.com/v29522/thumb/activity/thumbnail/8f6dda031279ee20f8fcc4de1a11caae1d10.png,https://static.virtuagym.com/videos/2023_oa025.mp4,https://uploads.letsmove.com.s3.amazonaws.com/exercises/videos/2023_oa025.mp4,https://uploads.letsmove.com.s3.amazonaws.com/exercises/thumbnails/8f6dda031279ee20f8fcc4de1a11caae1d10.png
285,Sit-up,strength,Abs - Straight Abs,,Novice,-,repetition_based,3,,"12,10,8","30,30,30,30,30",2023_xa010.mp4,70418a96bfd03843aa331284f8eb6dc26520.png,FALSE,FALSE,https://static.virtuagym.com/v29522/thumb/activity/thumbnail/70418a96bfd03843aa331284f8eb6dc26520.png,https://static.virtuagym.com/videos/2023_xa010.mp4,https://uploads.letsmove.com.s3.amazonaws.com/exercises/videos/2023_xa010.mp4,https://uploads.letsmove.com.s3.amazonaws.com/exercises/thumbnails/70418a96bfd03843aa331284f8eb6dc26520.png
335,Roll - Barbell,strength,All Abs,"Chest, Triceps, Lats",Advanced,Barbell,repetition_based,3,,"12,10,8","30,30,30,30,30",2023_oa013.mp4,44279e10b2095128b3f6e83b2ce26e8d60e1.png,TRUE,TRUE,https://static.virtuagym.com/v29522/thumb/activity/thumbnail/44279e10b2095128b3f6e83b2ce26e8d60e1.png,https://static.virtuagym.com/videos/2023_oa013.mp4,https://uploads.letsmove.com.s3.amazonaws.com/exercises/videos/2023_oa013.mp4,https://uploads.letsmove.com.s3.amazonaws.com/exercises/thumbnails/44279e10b2095128b3f6e83b2ce26e8d60e1.png
244,Squat - Smith machine,strength,"Quads, Glutes","Legs, Lower Back",Novice,"Barbell, Strength Machines - Weight stack",repetition_based,3,,"12,10,8","30,30,30,30,30",2023_id0106.mp4,f2a408883ab9afbf0539711e10a5834b1990.png,FALSE,TRUE,https://static.virtuagym.com/v29522/thumb/activity/thumbnail/f2a408883ab9afbf0539711e10a5834b1990.png,https://static.virtuagym.com/videos/2023_id0106.mp4,https://uploads.letsmove.com.s3.amazonaws.com/exercises/videos/2023_id0106.mp4,https://uploads.letsmove.com.s3.amazonaws.com/exercises/thumbnails/f2a408883ab9afbf0539711e10a5834b1990.png
1938,"Plank one foot up, left",strength,Abs - Straight Abs,,Intermediate,-,time_based,3,"30,30,30",,"30,30,30,30,30",2023_xa030.mp4,175cc0c07bdbd53e4a600a6158c4289248ae.png,TRUE,FALSE,https://static.virtuagym.com/v29522/thumb/activity/thumbnail/175cc0c07bdbd53e4a600a6158c4289248ae.png,https://static.virtuagym.com/videos/2023_xa030.mp4,https://uploads.letsmove.com.s3.amazonaws.com/exercises/videos/2023_xa030.mp4,https://uploads.letsmove.com.s3.amazonaws.com/exercises/thumbnails/175cc0c07bdbd53e4a600a6158c4289248ae.png
1937,Plank,strength,Abs - Straight Abs,,Novice,-,time_based,3,"30,30,30",,"30,30,30,30,30",2023_xa029.mp4,921627eefce8c7cb19a656e28e207b2394c0.png,FALSE,FALSE,https://static.virtuagym.com/v29522/thumb/activity/thumbnail/921627eefce8c7cb19a656e28e207b2394c0.png,https://static.virtuagym.com/videos/2023_xa029.mp4,https://uploads.letsmove.com.s3.amazonaws.com/exercises/videos/2023_xa029.mp4,https://uploads.letsmove.com.s3.amazonaws.com/exercises/thumbnails/921627eefce8c7cb19a656e28e207b2394c0.png
1995,"Side bend, right - KB",strength,Obliques,All Abs,Novice,Kettlebell,repetition_based,3,,"12,10,8","30,30,30,30,30",2023_id1880.mp4,6e3eb579611767b8b5d93a826f97e7527640.png,TRUE,TRUE,https://static.virtuagym.com/v29522/thumb/activity/thumbnail/6e3eb579611767b8b5d93a826f97e7527640.png,https://static.virtuagym.com/videos/2023_id1880.mp4,https://uploads.letsmove.com.s3.amazonaws.com/exercises/videos/2023_id1880.mp4,https://uploads.letsmove.com.s3.amazonaws.com/exercises/thumbnails/6e3eb579611767b8b5d93a826f97e7527640.png
213,"Lunge, alternated - DBs",strength,"Quads, Glutes",Legs,Novice,Dumbbells,repetition_based,3,,"12,10,8","30,30,30,30,30",2023_rob026a.mp4,52ac853b7558656d3f5fc785189ebb6a9de1.png,FALSE,TRUE,https://static.virtuagym.com/v29522/thumb/activity/thumbnail/52ac853b7558656d3f5fc785189ebb6a9de1.png,https://static.virtuagym.com/videos/2023_rob026a.mp4,https://uploads.letsmove.com.s3.amazonaws.com/exercises/videos/2023_rob026a.mp4,https://uploads.letsmove.com.s3.amazonaws.com/exercises/thumbnails/52ac853b7558656d3f5fc785189ebb6a9de1.png
4071,Plank - FB,strength,Abs - Straight Abs,All Abs,Intermediate,Exercise ball,time_based,3,"30,30,30",,"30,30,30,30,30",2023_eb033.mp4,644c6704dc9dcaf0dd6449c84a89dd606db6.png,TRUE,FALSE,https://static.virtuagym.com/v29522/thumb/activity/thumbnail/644c6704dc9dcaf0dd6449c84a89dd606db6.png,https://static.virtuagym.com/videos/2023_eb033.mp4,https://uploads.letsmove.com.s3.amazonaws.com/exercises/videos/2023_eb033.mp4,https://uploads.letsmove.com.s3.amazonaws.com/exercises/thumbnails/644c6704dc9dcaf0dd6449c84a89dd606db6.png
1979,Back extension hands on head lying,strength,Lower Back,,Novice,-,repetition_based,3,,"12,10,8","30,30,30,30,30",2023_xb009.mp4,cc3cd0ba35d98b3b3436a04eebbf1f28641a.png,FALSE,FALSE,https://static.virtuagym.com/v29522/thumb/activity/thumbnail/cc3cd0ba35d98b3b3436a04eebbf1f28641a.png,https://static.virtuagym.com/videos/2023_xb009.mp4,https://uploads.letsmove.com.s3.amazonaws.com/exercises/videos/2023_xb009.mp4,https://uploads.letsmove.com.s3.amazonaws.com/exercises/thumbnails/cc3cd0ba35d98b3b3436a04eebbf1f28641a.png
5426,"Glute stretch forced, right",strength,Abductor,Glutes,Novice,-,repetition_based,1,,5,"30,30,30,30,30",2023_rl003m.mp4,860c08ebf9c417f88ae27b88423dbb3366ea.png,TRUE,FALSE,https://static.virtuagym.com/v29522/thumb/activity/thumbnail/860c08ebf9c417f88ae27b88423dbb3366ea.png,https://static.virtuagym.com/videos/2023_rl003m.mp4,https://uploads.letsmove.com.s3.amazonaws.com/exercises/videos/2023_rl003m.mp4,https://uploads.letsmove.com.s3.amazonaws.com/exercises/thumbnails/860c08ebf9c417f88ae27b88423dbb3366ea.png
204,Butterfly - DBs,strength,Chest,,Novice,Dumbbells,repetition_based,3,,"12,10,8","30,30,30,30,30",2023_dc001.mp4,fa80392e8f3da182037563e46b98b5b468dd.png,FALSE,TRUE,https://static.virtuagym.com/v29522/thumb/activity/thumbnail/fa80392e8f3da182037563e46b98b5b468dd.png,https://static.virtuagym.com/videos/2023_dc001.mp4,https://uploads.letsmove.com.s3.amazonaws.com/exercises/videos/2023_dc001.mp4,https://uploads.letsmove.com.s3.amazonaws.com/exercises/thumbnails/fa80392e8f3da182037563e46b98b5b468dd.png
8582,Plank push,strength,Chest,"Triceps, Abs - Straight Abs",Novice,-,repetition_based,3,,"12,10,8","30,30,30,30,30",2023_impact143.mp4,32ba3309a68ffcb65aea9918c4f8689373a2.png,TRUE,FALSE,https://static.virtuagym.com/v29522/thumb/activity/thumbnail/32ba3309a68ffcb65aea9918c4f8689373a2.png,https://static.virtuagym.com/videos/2023_impact143.mp4,https://uploads.letsmove.com.s3.amazonaws.com/exercises/videos/2023_impact143.mp4,https://uploads.letsmove.com.s3.amazonaws.com/exercises/thumbnails/32ba3309a68ffcb65aea9918c4f8689373a2.png
19,"Rowing machine, duration",cardio,Cardiovascular System,Full Body,Novice,Cardio,repetition_based,0,,,"30,30,30,30,30",2023_cm001.mp4,02daeb636154b8da65c279523037d5f5423b.png,FALSE,FALSE,https://static.virtuagym.com/v29522/thumb/activity/thumbnail/02daeb636154b8da65c279523037d5f5423b.png,https://static.virtuagym.com/videos/2023_cm001.mp4,https://uploads.letsmove.com.s3.amazonaws.com/exercises/videos/2023_cm001.mp4,https://uploads.letsmove.com.s3.amazonaws.com/exercises/thumbnails/02daeb636154b8da65c279523037d5f5423b.png
427,Shoulder press - Smith machine,strength,Shoulders,Triceps,Beginner,Strength Machines - Weight stack,repetition_based,3,,"12,10,8","30,30,30,30,30",2023_id0107.mp4,26ca491df9f336bab583ecae3a71b2be99c9.png,TRUE,TRUE,https://static.virtuagym.com/v29522/thumb/activity/thumbnail/26ca491df9f336bab583ecae3a71b2be99c9.png,https://static.virtuagym.com/videos/2023_id0107.mp4,https://uploads.letsmove.com.s3.amazonaws.com/exercises/videos/2023_id0107.mp4,https://uploads.letsmove.com.s3.amazonaws.com/exercises/thumbnails/26ca491df9f336bab583ecae3a71b2be99c9.png
6687,Plank static,strength,Abs - Straight Abs,,Novice,-,time_based,3,"30,30,30",,"30,30,30,30,30",2023_impact043.mp4,d5f4a07d834229c081a2820b4411a3f3b55a.png,FALSE,FALSE,https://static.virtuagym.com/v29522/thumb/activity/thumbnail/d5f4a07d834229c081a2820b4411a3f3b55a.png,https://static.virtuagym.com/videos/2023_impact043.mp4,https://uploads.letsmove.com.s3.amazonaws.com/exercises/videos/2023_impact043.mp4,https://uploads.letsmove.com.s3.amazonaws.com/exercises/thumbnails/d5f4a07d834229c081a2820b4411a3f3b55a.png
5909,"Triceps kickback, right - DB",strength,Triceps,,Novice,Dumbbells,repetition_based,3,,"12,10,8","30,30,30,30,30",2023_herman024m.mp4,188e3962a34f3f6cb5a95bd92506963fb728.png,TRUE,TRUE,https://static.virtuagym.com/v29522/thumb/activity/thumbnail/188e3962a34f3f6cb5a95bd92506963fb728.png,https://static.virtuagym.com/videos/2023_herman024m.mp4,https://uploads.letsmove.com.s3.amazonaws.com/exercises/videos/2023_herman024m.mp4,https://uploads.letsmove.com.s3.amazonaws.com/exercises/thumbnails/188e3962a34f3f6cb5a95bd92506963fb728.png
354,Squat - Barbell,strength,"Quads, Glutes","Lower Back, Legs",Intermediate,Barbell,repetition_based,3,,"12,10,8","30,30,30,30,30",2023_bl001.mp4,4a81b59db84502ce4aea6575545e92825dda.png,FALSE,TRUE,https://static.virtuagym.com/v29522/thumb/activity/thumbnail/4a81b59db84502ce4aea6575545e92825dda.png,https://static.virtuagym.com/videos/2023_bl001.mp4,https://uploads.letsmove.com.s3.amazonaws.com/exercises/videos/2023_bl001.mp4,https://uploads.letsmove.com.s3.amazonaws.com/exercises/thumbnails/4a81b59db84502ce4aea6575545e92825dda.png
5869,Bent-over kickback - DBs,strength,Triceps,,Novice,Dumbbells,repetition_based,3,,"12,10,8","30,30,30,30,30",2023_herman001.mp4,e79e84fa0537243f332bdf4d2ef7a4190017.png,TRUE,TRUE,https://static.virtuagym.com/v29522/thumb/activity/thumbnail/e79e84fa0537243f332bdf4d2ef7a4190017.png,https://static.virtuagym.com/videos/2023_herman001.mp4,https://uploads.letsmove.com.s3.amazonaws.com/exercises/videos/2023_herman001.mp4,https://uploads.letsmove.com.s3.amazonaws.com/exercises/thumbnails/e79e84fa0537243f332bdf4d2ef7a4190017.png
380,"Abduction leg lying, right",strength,Abductor,Glutes,Novice,-,repetition_based,3,,"12,10,8","30,30,30,30,30",2023_xl009.mp4,374ee3938f628a674cb743c8f907edbd9179.png,FALSE,FALSE,https://static.virtuagym.com/v29522/thumb/activity/thumbnail/374ee3938f628a674cb743c8f907edbd9179.png,https://static.virtuagym.com/videos/2023_xl009.mp4,https://uploads.letsmove.com.s3.amazonaws.com/exercises/videos/2023_xl009.mp4,https://uploads.letsmove.com.s3.amazonaws.com/exercises/thumbnails/374ee3938f628a674cb743c8f907edbd9179.png
6285,"Side plank elbow foot static, right",strength,Obliques,,Novice,-,time_based,3,"30,30,30",,"30,30,30,30,30",2023_rob053m.mp4,8132197946900e7b838b4b391737406c3566.png,TRUE,FALSE,https://static.virtuagym.com/v29522/thumb/activity/thumbnail/8132197946900e7b838b4b391737406c3566.png,https://static.virtuagym.com/videos/2023_rob053m.mp4,https://uploads.letsmove.com.s3.amazonaws.com/exercises/videos/2023_rob053m.mp4,https://uploads.letsmove.com.s3.amazonaws.com/exercises/thumbnails/8132197946900e7b838b4b391737406c3566.png
186,Pec deck machine,strength,Chest,,Novice,Strength Machines - Weight stack,repetition_based,3,,"12,10,8","30,30,30,30,30",2023_equip010.mp4,bfb125bce5e06ce12e73b264e80d77ce6280.png,FALSE,TRUE,https://static.virtuagym.com/v29522/thumb/activity/thumbnail/bfb125bce5e06ce12e73b264e80d77ce6280.png,https://static.virtuagym.com/videos/2023_equip010.mp4,https://uploads.letsmove.com.s3.amazonaws.com/exercises/videos/2023_equip010.mp4,https://uploads.letsmove.com.s3.amazonaws.com/exercises/thumbnails/bfb125bce5e06ce12e73b264e80d77ce6280.png
6071,Bench press decline wide grip - Barbell,strength,Upper Chest,Triceps,Novice,Barbell,repetition_based,3,,"12,10,8","30,30,30,30,30",2023_bib02d.mp4,7f7bf44f993ec110ac33e483fe0df6c15e4c.png,TRUE,TRUE,https://static.virtuagym.com/v29522/thumb/activity/thumbnail/7f7bf44f993ec110ac33e483fe0df6c15e4c.png,https://static.virtuagym.com/videos/2023_bib02d.mp4,https://uploads.letsmove.com.s3.amazonaws.com/exercises/videos/2023_bib02d.mp4,https://uploads.letsmove.com.s3.amazonaws.com/exercises/thumbnails/7f7bf44f993ec110ac33e483fe0df6c15e4c.png
203,Bent-over row - DBs,strength,Upper Back,"Biceps, Back Shoulders, Lats",Novice,Dumbbells,repetition_based,3,,"12,10,8","30,30,30,30,30",2023_impact091.mp4,afe69b8d1cc4adf3fcf0af75129eacc044d4.png,FALSE,TRUE,https://static.virtuagym.com/v29522/thumb/activity/thumbnail/afe69b8d1cc4adf3fcf0af75129eacc044d4.png,https://static.virtuagym.com/videos/2023_impact091.mp4,https://uploads.letsmove.com.s3.amazonaws.com/exercises/videos/2023_impact091.mp4,https://uploads.letsmove.com.s3.amazonaws.com/exercises/thumbnails/afe69b8d1cc4adf3fcf0af75129eacc044d4.png
1950,Arm swing front-back standing,strength,"Chest, Upper Back","Front Shoulders, Back Shoulders",Novice,-,repetition_based,3,,"20,20,20","30,30,30,30,30",2023_xs020.mp4,1d77bb86ff4eff78cf6815189d958b514fd7.png,TRUE,FALSE,https://static.virtuagym.com/v29522/thumb/activity/thumbnail/1d77bb86ff4eff78cf6815189d958b514fd7.png,https://static.virtuagym.com/videos/2023_xs020.mp4,https://uploads.letsmove.com.s3.amazonaws.com/exercises/videos/2023_xs020.mp4,https://uploads.letsmove.com.s3.amazonaws.com/exercises/thumbnails/1d77bb86ff4eff78cf6815189d958b514fd7.png
420,Mountain climber,strength,"Quads, Abs - Straight Abs",,Novice,-,repetition_based,3,,"12,10,8","30,30,30,30,30",2023_xa015.mp4,c52d329f331223133c2e3036020b923154a7.png,FALSE,FALSE,https://static.virtuagym.com/v29522/thumb/activity/thumbnail/c52d329f331223133c2e3036020b923154a7.png,https://static.virtuagym.com/videos/2023_xa015.mp4,https://uploads.letsmove.com.s3.amazonaws.com/exercises/videos/2023_xa015.mp4,https://uploads.letsmove.com.s3.amazonaws.com/exercises/thumbnails/c52d329f331223133c2e3036020b923154a7.png
6284,"Side plank elbow foot static, left",strength,Obliques,,Novice,-,time_based,3,"30,30,30",,"30,30,30,30,30",2023_rob053.mp4,d2c10e9e4918cd723b3712c9ab3f95beaf80.png,TRUE,FALSE,https://static.virtuagym.com/v29522/thumb/activity/thumbnail/d2c10e9e4918cd723b3712c9ab3f95beaf80.png,https://static.virtuagym.com/videos/2023_rob053.mp4,https://uploads.letsmove.com.s3.amazonaws.com/exercises/videos/2023_rob053.mp4,https://uploads.letsmove.com.s3.amazonaws.com/exercises/thumbnails/d2c10e9e4918cd723b3712c9ab3f95beaf80.png
5104,Cardio free,cardio,Cardiovascular System,,Novice,Cardio,repetition_based,0,,,"30,30,30,30,30",2023_cardiofree.mp4,90bcf73c3afe09c6ce40625c74fc5028dc4e.png,FALSE,FALSE,https://static.virtuagym.com/v29522/thumb/activity/thumbnail/90bcf73c3afe09c6ce40625c74fc5028dc4e.png,https://static.virtuagym.com/videos/2023_cardiofree.mp4,https://uploads.letsmove.com.s3.amazonaws.com/exercises/videos/2023_cardiofree.mp4,https://uploads.letsmove.com.s3.amazonaws.com/exercises/thumbnails/90bcf73c3afe09c6ce40625c74fc5028dc4e.png
4072,Dumbbell press - FB,strength,"Upper Chest, Chest",,Intermediate,"Exercise ball, Dumbbells",repetition_based,3,,"12,10,8","30,30,30,30,30",2023_eb018.mp4,09d58586a8510c033e2af634a56db5526303.png,TRUE,TRUE,https://static.virtuagym.com/v29522/thumb/activity/thumbnail/09d58586a8510c033e2af634a56db5526303.png,https://static.virtuagym.com/videos/2023_eb018.mp4,https://uploads.letsmove.com.s3.amazonaws.com/exercises/videos/2023_eb018.mp4,https://uploads.letsmove.com.s3.amazonaws.com/exercises/thumbnails/09d58586a8510c033e2af634a56db5526303.png
243,45 Degree leg press,strength,"Quads, Glutes",Legs,Novice,Strength Machines - Weight stack,repetition_based,3,,"12,10,8","30,30,30,30,30",2023_oa057.mp4,1163361a5951363ed82fc4f90c65729f5643.png,FALSE,TRUE,https://static.virtuagym.com/v29522/thumb/activity/thumbnail/1163361a5951363ed82fc4f90c65729f5643.png,https://static.virtuagym.com/videos/2023_oa057.mp4,https://uploads.letsmove.com.s3.amazonaws.com/exercises/videos/2023_oa057.mp4,https://uploads.letsmove.com.s3.amazonaws.com/exercises/thumbnails/1163361a5951363ed82fc4f90c65729f5643.png
2015,"Hip bridge leg extension lying, right",strength,"Glutes, Quads",Hamstrings,Novice,-,time_based,3,"30,30,30",,"30,30,30,30,30",2023_xl025.mp4,49a8b862361a0ddd54451987912b686ee42f.png,TRUE,FALSE,https://static.virtuagym.com/v29522/thumb/activity/thumbnail/49a8b862361a0ddd54451987912b686ee42f.png,https://static.virtuagym.com/videos/2023_xl025.mp4,https://uploads.letsmove.com.s3.amazonaws.com/exercises/videos/2023_xl025.mp4,https://uploads.letsmove.com.s3.amazonaws.com/exercises/thumbnails/49a8b862361a0ddd54451987912b686ee42f.png
502,Horizontal row seated - Pulley,strength,Upper Back,"Biceps, Back Shoulders, Lats",Beginner,"Strength Machines - Weight stack, Pulley",repetition_based,3,,"12,10,8","30,30,30,30,30",2023_sid0002.mp4,8efeb1b6ba69ec3e1945bcb9e6a6fcc0992e.png,FALSE,TRUE,https://static.virtuagym.com/v29522/thumb/activity/thumbnail/8efeb1b6ba69ec3e1945bcb9e6a6fcc0992e.png,https://static.virtuagym.com/videos/2023_sid0002.mp4,https://uploads.letsmove.com.s3.amazonaws.com/exercises/videos/2023_sid0002.mp4,https://uploads.letsmove.com.s3.amazonaws.com/exercises/thumbnails/8efeb1b6ba69ec3e1945bcb9e6a6fcc0992e.png
6259,"Bird dog cross, alternated",strength,"Abs - Straight Abs, Glutes",Hamstrings,Novice,-,time_based,3,"15,15,15",,"30,30,30,30,30",2023_impact004a.mp4,520c73f36953c54f133471df551aa9082fcf.png,TRUE,FALSE,https://static.virtuagym.com/v29522/thumb/activity/thumbnail/520c73f36953c54f133471df551aa9082fcf.png,https://static.virtuagym.com/videos/2023_impact004a.mp4,https://uploads.letsmove.com.s3.amazonaws.com/exercises/videos/2023_impact004a.mp4,https://uploads.letsmove.com.s3.amazonaws.com/exercises/thumbnails/520c73f36953c54f133471df551aa9082fcf.png
4,"Elliptical Trainer, high intensity",cardio,Cardiovascular System,Full Body,Novice,Cardio,repetition_based,0,,,"30,30,30,30,30",2023_cm002.mp4,1eae6942fb221131074ca082c59a72bd4a45.png,FALSE,FALSE,https://static.virtuagym.com/v29522/thumb/activity/thumbnail/1eae6942fb221131074ca082c59a72bd4a45.png,https://static.virtuagym.com/videos/2023_cm002.mp4,https://uploads.letsmove.com.s3.amazonaws.com/exercises/videos/2023_cm002.mp4,https://uploads.letsmove.com.s3.amazonaws.com/exercises/thumbnails/1eae6942fb221131074ca082c59a72bd4a45.png
39,Crunch legs elevated - FB,strength,All Abs,,Intermediate,Exercise ball,repetition_based,3,,"12,10,8","30,30,30,30,30",2023_eb017.mp4,e191a94a68d8dadf77b28826b6a8a7452eff.png,TRUE,FALSE,https://static.virtuagym.com/v29522/thumb/activity/thumbnail/e191a94a68d8dadf77b28826b6a8a7452eff.png,https://static.virtuagym.com/videos/2023_eb017.mp4,https://uploads.letsmove.com.s3.amazonaws.com/exercises/videos/2023_eb017.mp4,https://uploads.letsmove.com.s3.amazonaws.com/exercises/thumbnails/e191a94a68d8dadf77b28826b6a8a7452eff.png
